Date,rank_ic,topk_rel_ret_net,breadth_selected,eligible_breadth,gross_alpha_budget_used,alpha_drift_alarm,alpha_overlay_scale,is_live,alpha_leg,alpha_position,alpha_abs,alpha_turnover,alpha_cost_model,topk_rel_ret_gross,realized_spread_voo_minus_ief,signal_spread_proxy,prob_voo,p0,eligible,eligibility_reason,y_avail,dist_overlay_on_g53,dist_overlay_strength_g53,dist_width_caution_g53,uncertainty_penalty_g5,caution_shrink,alpha_scale_effective,positions_source,eligibility_source,source_tape
2020-01-01,,,0,0,0.0,0,0.249315,0,FLAT,0.0,0.0,0.0,0.0,,0.002328,0.0,0.1188555571672742,0.3126419426687968,0,high_risk_veto,1,0,0.0,0.780433,0.65,0.778913,0.303776,part2a21_alpha_positions.csv,part2a21_alpha_eligibility.csv,artifacts_part2_g532/predictions/g532_final_consensus_tape.csv
2020-01-10,,,0,0,0.0,0,0.234063,0,FLAT,0.0,0.0,0.0,0.0,,0.012733,0.0,0.1336292649688866,0.5037666353124165,0,weak_score,1,0,0.0,0.94801,0.65,0.745398,0.335429,part2a21_alpha_positions.csv,part2a21_alpha_eligibility.csv,artifacts_part2_g532/predictions/g532_final_consensus_tape.csv
2020-01-21,,,0,0,0.0,0,0.209136,0,FLAT,0.0,0.0,0.0,0.0,,-0.026396,0.0,0.1268303651673232,0.4407900385497874,0,high_risk_veto,1,0,0.0,1.0,0.65,0.735,0.28665,part2a21_alpha_positions.csv,part2a21_alpha_eligibility.csv,artifacts_part2_g532/predictions/g532_final_consensus_tape.csv
2020-01-30,,,0,0,0.0,0,0.179312,0,FLAT,0.0,0.0,0.0,0.0,,0.0197,0.0,0.1484515315448109,0.5777737995007732,0,high_risk_veto,1,1,0.048253,0.860924,0.65,0.750752,0.292793,part2a21_alpha_positions.csv,part2a21_alpha_eligibility.csv,artifacts_part2_g532/predictions/g532_final_consensus_tape.csv
2020-02-10,,,0,0,0.0,0,0.180838,0,FLAT,0.0,0.0,0.0,0.0,,0.011172,0.0,0.1390762061242159,0.5425249499843441,0,weak_score,1,0,0.0,0.98243,0.65,0.738514,0.332331,part2a21_alpha_positions.csv,part2a21_alpha_eligibility.csv,artifacts_part2_g532/predictions/g532_final_consensus_tape.csv
2020-02-19,,,0,0,0.0,0,0.247266,0,FLAT,0.0,0.0,0.0,0.0,,-0.167633,0.0,0.1191717231068578,0.4517217835098441,0,weak_score,1,0,0.0,0.973546,0.65,0.740291,0.333131,part2a21_alpha_positions.csv,part2a21_alpha_eligibility.csv,artifacts_part2_g532/predictions/g532_final_consensus_tape.csv
2020-02-28,,,0,0,0.0,0,0.149321,0,FLAT,0.0,0.0,0.0,0.0,,-0.042957,0.0,0.1490497944484476,0.6245970336518539,0,weak_score,1,1,0.025348,1.0,0.65,0.728663,0.327898,part2a21_alpha_positions.csv,part2a21_alpha_eligibility.csv,artifacts_part2_g532/predictions/g532_final_consensus_tape.csv
2020-03-10,,,0,0,0.0,0,0.069103,0,FLAT,0.0,0.0,0.0,0.0,,-0.153976,0.0,0.3997832782997746,0.8079545475122717,0,high_risk_veto,1,0,0.0,1.0,0.65,0.735,0.28665,part2a21_alpha_positions.csv,part2a21_alpha_eligibility.csv,artifacts_part2_g532/predictions/g532_final_consensus_tape.csv
2020-03-19,,,0,0,0.0,0,0.04538,0,FLAT,0.0,0.0,0.0,0.0,,0.044294,0.0,0.5873767662187435,0.8730597769999396,0,high_risk_veto,1,0,0.0,1.0,0.65,0.735,0.28665,part2a21_alpha_positions.csv,part2a21_alpha_eligibility.csv,artifacts_part2_g532/predictions/g532_final_consensus_tape.csv
2020-03-30,,,0,0,0.0,0,0.061862,0,FLAT,0.0,0.0,0.0,0.0,,0.050332,0.0,0.3826489296732235,0.8112018510524038,0,high_risk_veto,1,0,0.0,0.934755,0.65,0.748049,0.291739,part2a21_alpha_positions.csv,part2a21_alpha_eligibility.csv,artifacts_part2_g532/predictions/g532_final_consensus_tape.csv
2020-04-08,,,0,0,0.0,0,0.092899,0,FLAT,0.0,0.0,0.0,0.0,,0.036658,0.0,0.1306569291440403,0.6091996590250851,0,weak_score,1,1,0.025348,1.0,0.65,0.728663,0.327898,part2a21_alpha_positions.csv,part2a21_alpha_eligibility.csv,artifacts_part2_g532/predictions/g532_final_consensus_tape.csv
2020-04-17,,,0,0,0.0,0,0.123409,0,FLAT,0.0,0.0,0.0,0.0,,-0.005749,0.0,0.113778760973939,0.5816732239358865,0,weak_score,1,1,0.054065,0.821032,0.65,0.757277,0.340775,part2a21_alpha_positions.csv,part2a21_alpha_eligibility.csv,artifacts_part2_g532/predictions/g532_final_consensus_tape.csv
2020-04-28,,,0,0,0.0,0,0.133564,0,FLAT,0.0,0.0,0.0,0.0,,0.006061,0.0,0.1415055113060455,0.6195776992765939,0,weak_score,1,1,0.025348,1.0,0.65,0.728663,0.327898,part2a21_alpha_positions.csv,part2a21_alpha_eligibility.csv,artifacts_part2_g532/predictions/g532_final_consensus_tape.csv
2020-05-07,,,0,0,0.0,0,0.165148,0,FLAT,0.0,0.0,0.0,0.0,,0.031107,0.0,0.1079316359314572,0.4740165247793022,0,weak_score,1,0,0.0,0.986711,0.65,0.737658,0.331946,part2a21_alpha_positions.csv,part2a21_alpha_eligibility.csv,artifacts_part2_g532/predictions/g532_final_consensus_tape.csv
2020-05-18,,,0,0,0.0,0,0.170374,0,FLAT,0.0,0.0,0.0,0.0,,0.025189,0.0,0.1235506064073577,0.5742975044093935,0,weak_score,1,0,0.0,0.677079,0.65,0.799584,0.359813,part2a21_alpha_positions.csv,part2a21_alpha_eligibility.csv,artifacts_part2_g532/predictions/g532_final_consensus_tape.csv
2020-05-27,,,0,0,0.0,0,0.190739,0,FLAT,0.0,0.0,0.0,0.0,,0.065518,0.0,0.1633536479598443,0.6132375139576866,0,weak_score,1,0,0.0,0.680179,0.65,0.798964,0.359534,part2a21_alpha_positions.csv,part2a21_alpha_eligibility.csv,artifacts_part2_g532/predictions/g532_final_consensus_tape.csv
2020-06-05,,,0,0,0.0,0,0.196113,0,FLAT,0.0,0.0,0.0,0.0,,-0.030812,0.0,0.2760124872982658,0.7429218123926858,0,high_risk_veto,1,1,0.00358,0.532432,0.65,0.827619,0.322771,part2a21_alpha_positions.csv,part2a21_alpha_eligibility.csv,artifacts_part2_g532/predictions/g532_final_consensus_tape.csv
2020-06-16,,,0,0,0.0,0,0.109147,0,FLAT,0.0,0.0,0.0,0.0,,-0.018804,0.0,0.4139507055591747,0.7833092822812803,0,high_risk_veto,1,0,0.0,0.910103,0.65,0.752979,0.293662,part2a21_alpha_positions.csv,part2a21_alpha_eligibility.csv,artifacts_part2_g532/predictions/g532_final_consensus_tape.csv
2020-06-25,,,0,0,0.0,0,0.175977,0,FLAT,0.0,0.0,0.0,0.0,,0.031192,0.0,0.1152915883667728,0.4925273013824076,0,weak_score,1,0,0.0,1.0,0.65,0.735,0.33075,part2a21_alpha_positions.csv,part2a21_alpha_eligibility.csv,artifacts_part2_g532/predictions/g532_final_consensus_tape.csv
2020-07-06,,,0,0,0.0,0,0.166405,0,FLAT,0.0,0.0,0.0,0.0,,0.01136,0.0,0.126839215340501,0.5185634011255423,0,weak_score,1,0,0.0,0.93064,0.65,0.748872,0.336992,part2a21_alpha_positions.csv,part2a21_alpha_eligibility.csv,artifacts_part2_g532/predictions/g532_final_consensus_tape.csv
2020-07-15,,,0,0,0.0,0,0.194861,0,FLAT,0.0,0.0,0.0,0.0,,-0.005772,0.0,0.2210533391615339,0.1011525486532713,0,low_agreement,1,1,0.025348,1.0,0.65,0.728663,0.327898,part2a21_alpha_positions.csv,part2a21_alpha_eligibility.csv,artifacts_part2_g532/predictions/g532_final_consensus_tape.csv
2020-07-24,1.0,0.000349,1,1,0.016997,0,0.211484,0,VOO,0.016997,0.016997,0.016997,1.7e-05,0.000366,0.021543,0.016997,0.2433854157280052,0.1317598693282609,1,ok,1,1,0.025348,1.0,0.65,0.728663,0.327898,part2a21_alpha_positions.csv,part2a21_alpha_eligibility.csv,artifacts_part2_g532/predictions/g532_final_consensus_tape.csv
2020-08-04,1.0,0.000559,1,1,0.016358,0,0.214066,0,VOO,0.016358,0.016358,0.000639,1e-06,0.00056,0.034228,0.016358,0.2451873572126502,0.112928109913762,1,ok,1,1,0.025348,1.0,0.65,0.728663,0.327898,part2a21_alpha_positions.csv,part2a21_alpha_eligibility.csv,artifacts_part2_g532/predictions/g532_final_consensus_tape.csv
2020-08-13,,,0,0,0.0,0,0.207346,0,FLAT,0.0,0.0,0.016358,1.6e-05,,0.013132,0.0,0.2606703353173284,0.1275121114231492,0,high_risk_veto,1,1,0.025348,1.0,0.65,0.728663,0.284179,part2a21_alpha_positions.csv,part2a21_alpha_eligibility.csv,artifacts_part2_g532/predictions/g532_final_consensus_tape.csv
2020-08-24,,,0,0,0.0,0,0.200881,0,FLAT,0.0,0.0,0.0,0.0,,0.041325,0.0,0.2589613758002155,0.1235351758511314,0,high_risk_veto,1,1,0.025348,1.0,0.65,0.728663,0.284179,part2a21_alpha_positions.csv,part2a21_alpha_eligibility.csv,artifacts_part2_g532/predictions/g532_final_consensus_tape.csv
2020-09-02,,,0,0,0.0,0,0.2123,0,FLAT,0.0,0.0,0.0,0.0,,-0.068649,0.0,0.2964610943999739,0.1810997702071318,0,high_risk_veto,1,1,0.025348,1.0,0.65,0.728663,0.284179,part2a21_alpha_positions.csv,part2a21_alpha_eligibility.csv,artifacts_part2_g532/predictions/g532_final_consensus_tape.csv
2020-09-11,,,0,0,0.0,0,0.132388,0,FLAT,0.0,0.0,0.0,0.0,,-0.006586,0.0,0.2640660486621673,0.1495283165931926,0,high_risk_veto,1,1,0.025348,1.0,0.65,0.728663,0.284179,part2a21_alpha_positions.csv,part2a21_alpha_eligibility.csv,artifacts_part2_g532/predictions/g532_final_consensus_tape.csv
2020-09-22,,,0,0,0.0,0,0.157328,0,FLAT,0.0,0.0,0.0,0.0,,0.02033,0.0,0.2744436177590947,0.1470700207018521,0,high_risk_veto,1,1,0.025348,1.0,0.65,0.728663,0.284179,part2a21_alpha_positions.csv,part2a21_alpha_eligibility.csv,artifacts_part2_g532/predictions/g532_final_consensus_tape.csv
2020-10-01,,,0,0,0.0,0,0.153448,0,FLAT,0.0,0.0,0.0,0.0,,0.050114,0.0,0.2949272071155437,0.1764662306464459,0,high_risk_veto,1,1,0.025348,1.0,0.65,0.728663,0.284179,part2a21_alpha_positions.csv,part2a21_alpha_eligibility.csv,artifacts_part2_g532/predictions/g532_final_consensus_tape.csv
2020-10-12,,,0,0,0.0,0,0.156655,0,FLAT,0.0,0.0,0.0,0.0,,-0.023596,0.0,0.2414828892172227,0.115674512347729,0,high_risk_veto,1,1,0.025348,1.0,0.65,0.728663,0.284179,part2a21_alpha_positions.csv,part2a21_alpha_eligibility.csv,artifacts_part2_g532/predictions/g532_final_consensus_tape.csv
2020-10-21,,,0,0,0.0,0,0.182477,0,FLAT,0.0,0.0,0.0,0.0,,-0.044146,0.0,0.2900619451529832,0.1713513946534508,0,high_risk_veto,1,1,0.025348,1.0,0.65,0.728663,0.284179,part2a21_alpha_positions.csv,part2a21_alpha_eligibility.csv,artifacts_part2_g532/predictions/g532_final_consensus_tape.csv
2020-10-30,1.0,0.001068,1,1,0.012323,0,0.168054,0,VOO,0.012323,0.012323,0.012323,1.2e-05,0.00108,0.087658,0.012323,0.2430841902209962,0.15384957193854,1,ok,1,1,0.025348,1.0,0.65,0.728663,0.327898,part2a21_alpha_positions.csv,part2a21_alpha_eligibility.csv,artifacts_part2_g532/predictions/g532_final_consensus_tape.csv
2020-11-10,1.0,2.6e-05,1,1,0.019454,0,0.15742,0,VOO,0.019454,0.019454,0.007131,7e-06,3.4e-05,0.001729,0.019454,0.2538374538112504,0.131185385146129,1,ok,1,1,0.025348,1.0,0.65,0.728663,0.327898,part2a21_alpha_positions.csv,part2a21_alpha_eligibility.csv,artifacts_part2_g532/predictions/g532_final_consensus_tape.csv
2020-11-19,1.0,0.000269,1,1,0.024671,0,0.189826,0,VOO,0.024671,0.024671,0.005217,5e-06,0.000274,0.011114,0.024671,0.2056894584215002,0.0953856768733145,1,ok,1,1,0.025348,1.0,0.65,0.728663,0.327898,part2a21_alpha_positions.csv,part2a21_alpha_eligibility.csv,artifacts_part2_g532/predictions/g532_final_consensus_tape.csv
2020-11-30,1.0,0.000497,1,1,0.026216,0,0.21188,0,VOO,0.026216,0.026216,0.001545,2e-06,0.000499,0.019022,0.026216,0.2267210402608765,0.1113158614590281,1,ok,1,1,0.025348,1.0,0.65,0.728663,0.327898,part2a21_alpha_positions.csv,part2a21_alpha_eligibility.csv,artifacts_part2_g532/predictions/g532_final_consensus_tape.csv
2020-12-09,1.0,0.000318,1,1,0.032199,0,0.221103,0,VOO,0.032199,0.032199,0.005983,6e-06,0.000324,0.010054,0.032199,0.2030721140847394,0.1032125181220937,1,ok,1,1,0.025348,1.0,0.65,0.728663,0.327898,part2a21_alpha_positions.csv,part2a21_alpha_eligibility.csv,artifacts_part2_g532/predictions/g532_final_consensus_tape.csv
2020-12-18,,,0,0,0.0,0,0.200498,0,FLAT,0.0,0.0,0.032199,3.2e-05,,0.004693,0.0,0.2131482537024258,0.0957399723268259,0,high_risk_veto,1,1,0.025348,1.0,0.65,0.728663,0.284179,part2a21_alpha_positions.csv,part2a21_alpha_eligibility.csv,artifacts_part2_g532/predictions/g532_final_consensus_tape.csv
2020-12-29,,,0,0,0.0,0,0.223708,0,FLAT,0.0,0.0,0.0,0.0,,0.03065,0.0,0.2769625931251535,0.1555344151302049,0,high_risk_veto,1,1,0.025348,1.0,0.65,0.728663,0.284179,part2a21_alpha_positions.csv,part2a21_alpha_eligibility.csv,artifacts_part2_g532/predictions/g532_final_consensus_tape.csv
2021-01-07,,,0,0,0.0,0,0.183168,0,FLAT,0.0,0.0,0.0,0.0,,-0.00781,0.0,0.1891425951265237,0.0969279854636204,0,high_risk_veto,1,0,0.0,1.0,0.65,0.735,0.28665,part2a21_alpha_positions.csv,part2a21_alpha_eligibility.csv,artifacts_part2_g532/predictions/g532_final_consensus_tape.csv
2021-01-18,,,0,0,0.0,0,0.184447,0,FLAT,0.0,0.0,0.0,0.0,,-0.009254,0.0,0.2040064967830587,0.1174759167112304,0,high_risk_veto,1,1,0.025348,1.0,0.65,0.728663,0.284179,part2a21_alpha_positions.csv,part2a21_alpha_eligibility.csv,artifacts_part2_g532/predictions/g532_final_consensus_tape.csv
2021-01-27,,,0,0,0.0,0,0.17252,0,FLAT,0.0,0.0,0.0,0.0,,0.045393,0.0,0.1181392960948871,0.5803330689655369,0,high_risk_veto,1,0,0.0,1.0,0.65,0.735,0.28665,part2a21_alpha_positions.csv,part2a21_alpha_eligibility.csv,artifacts_part2_g532/predictions/g532_final_consensus_tape.csv
2021-02-05,,,0,0,0.0,0,0.151425,0,FLAT,0.0,0.0,0.0,0.0,,0.01949,0.0,0.1197954962470233,0.6037222949230919,0,high_risk_veto,1,0,0.0,1.0,0.65,0.735,0.28665,part2a21_alpha_positions.csv,part2a21_alpha_eligibility.csv,artifacts_part2_g532/predictions/g532_final_consensus_tape.csv
2021-02-16,-1.0,-0.000297,1,1,0.038377,0,0.255845,0,VOO,0.038377,0.038377,0.038377,3.8e-05,-0.000258,-0.006728,0.038377,0.1215666338619284,0.5444309886102578,1,ok,1,0,0.0,1.0,0.65,0.735,0.33075,part2a21_alpha_positions.csv,part2a21_alpha_eligibility.csv,artifacts_part2_g532/predictions/g532_final_consensus_tape.csv
2021-02-25,,,0,0,0.0,0,0.198733,0,FLAT,0.0,0.0,0.038377,3.8e-05,,0.004447,0.0,0.1063712426599253,0.4570705197984162,0,high_risk_veto,1,0,0.0,1.0,0.65,0.735,0.28665,part2a21_alpha_positions.csv,part2a21_alpha_eligibility.csv,artifacts_part2_g532/predictions/g532_final_consensus_tape.csv
2021-03-08,,,0,0,0.0,0,0.152944,0,FLAT,0.0,0.0,0.0,0.0,,0.041288,0.0,0.1040930252435055,0.3961478536976382,0,high_risk_veto,1,0,0.0,1.0,0.65,0.735,0.28665,part2a21_alpha_positions.csv,part2a21_alpha_eligibility.csv,artifacts_part2_g532/predictions/g532_final_consensus_tape.csv
2021-03-17,1.0,3.9e-05,1,1,0.033637,0,0.22425,0,VOO,0.033637,0.033637,0.033637,3.4e-05,7.3e-05,0.002169,0.033637,0.1211735744960904,0.5372709169172794,1,ok,1,0,0.0,1.0,0.65,0.735,0.33075,part2a21_alpha_positions.csv,part2a21_alpha_eligibility.csv,artifacts_part2_g532/predictions/g532_final_consensus_tape.csv
2021-03-26,1.0,0.000762,1,1,0.031348,0,0.208989,0,VOO,0.031348,0.031348,0.002289,2e-06,0.000764,0.024386,0.031348,0.1025598929125647,0.590907895920371,1,ok,1,0,0.0,1.0,0.65,0.735,0.33075,part2a21_alpha_positions.csv,part2a21_alpha_eligibility.csv,artifacts_part2_g532/predictions/g532_final_consensus_tape.csv
2021-04-06,1.0,0.000489,1,1,0.032548,0,0.216985,0,VOO,0.032548,0.032548,0.001199,1e-06,0.00049,0.015052,0.032548,0.1134258038704678,0.4870557201034102,1,ok,1,0,0.0,0.929987,0.65,0.749003,0.337051,part2a21_alpha_positions.csv,part2a21_alpha_eligibility.csv,artifacts_part2_g532/predictions/g532_final_consensus_tape.csv
2021-04-15,1.0,0.000206,1,1,0.035139,0,0.23426,0,VOO,0.035139,0.035139,0.002591,3e-06,0.000208,0.005932,0.035139,0.1205441481319684,0.5521255758719477,1,ok,1,0,0.0,1.0,0.65,0.735,0.33075,part2a21_alpha_positions.csv,part2a21_alpha_eligibility.csv,artifacts_part2_g532/predictions/g532_final_consensus_tape.csv
2021-04-26,-1.0,-0.000174,1,1,0.033563,0,0.223755,0,VOO,0.033563,0.033563,0.001576,2e-06,-0.000173,-0.005149,0.033563,0.1123132291323144,0.4854302227977008,1,ok,1,0,0.0,1.0,0.65,0.735,0.33075,part2a21_alpha_positions.csv,part2a21_alpha_eligibility.csv,artifacts_part2_g532/predictions/g532_final_consensus_tape.csv
2021-05-05,1.0,0.000138,1,1,0.03286,0,0.228096,0,VOO,0.03286,0.03286,0.000704,1e-06,0.000139,0.004227,0.03286,0.1066760267700518,0.4343819769861376,1,ok,1,0,0.0,1.0,0.65,0.735,0.33075,part2a21_alpha_positions.csv,part2a21_alpha_eligibility.csv,artifacts_part2_g532/predictions/g532_final_consensus_tape.csv
2021-05-14,,,0,0,0.0,0,0.179547,0,FLAT,0.0,0.0,0.03286,3.3e-05,,-0.00109,0.0,0.1137655741188393,0.4953732338404625,0,high_risk_veto,1,0,0.0,1.0,0.65,0.735,0.28665,part2a21_alpha_positions.csv,part2a21_alpha_eligibility.csv,artifacts_part2_g532/predictions/g532_final_consensus_tape.csv
2021-05-25,1.0,0.000117,1,1,0.024198,0,0.209003,0,VOO,0.024198,0.024198,0.024198,2.4e-05,0.000142,0.005851,0.024198,0.1129365021996778,0.4974089383277458,1,ok,1,0,0.0,1.0,0.65,0.735,0.33075,part2a21_alpha_positions.csv,part2a21_alpha_eligibility.csv,artifacts_part2_g532/predictions/g532_final_consensus_tape.csv
2021-06-03,1.0,0.00018,1,1,0.031625,0,0.26637,0,VOO,0.031625,0.031625,0.007427,7e-06,0.000188,0.00594,0.031625,0.1125081488233436,0.4738439698681747,1,ok,1,0,0.0,1.0,0.65,0.735,0.33075,part2a21_alpha_positions.csv,part2a21_alpha_eligibility.csv,artifacts_part2_g532/predictions/g532_final_consensus_tape.csv
2021-06-14,-1.0,-9.1e-05,1,1,0.036804,0,0.277758,0,VOO,0.036804,0.036804,0.005179,5e-06,-8.6e-05,-0.002334,0.036804,0.1197808013175314,0.6633441411681543,1,ok,1,0,0.0,0.986135,0.65,0.737773,0.331998,part2a21_alpha_positions.csv,part2a21_alpha_eligibility.csv,artifacts_part2_g532/predictions/g532_final_consensus_tape.csv
2021-06-23,,,0,0,0.0,0,0.182506,0,FLAT,0.0,0.0,0.036804,3.7e-05,,0.020172,0.0,0.1176434782973493,0.5080610143741907,0,high_risk_veto,1,0,0.0,1.0,0.65,0.735,0.28665,part2a21_alpha_positions.csv,part2a21_alpha_eligibility.csv,artifacts_part2_g532/predictions/g532_final_consensus_tape.csv
2021-07-02,1.0,3.7e-05,1,1,0.03063,0,0.246919,0,VOO,0.03063,0.03063,0.03063,3.1e-05,6.8e-05,0.002208,0.03063,0.1128022073072684,0.4908442922683674,1,ok,1,0,0.0,1.0,0.65,0.735,0.33075,part2a21_alpha_positions.csv,part2a21_alpha_eligibility.csv,artifacts_part2_g532/predictions/g532_final_consensus_tape.csv
2021-07-13,-1.0,-0.000359,1,1,0.029145,0,0.22718,0,VOO,0.029145,0.029145,0.001485,1e-06,-0.000358,-0.012282,0.029145,0.1107213376963233,0.4879876473256195,1,ok,1,0,0.0,1.0,0.65,0.735,0.33075,part2a21_alpha_positions.csv,part2a21_alpha_eligibility.csv,artifacts_part2_g532/predictions/g532_final_consensus_tape.csv
2021-07-22,,,0,0,0.0,0,0.16082,0,FLAT,0.0,0.0,0.029145,2.9e-05,,-0.002156,0.0,0.115303779476927,0.5077269175938084,0,high_risk_veto,1,0,0.0,1.0,0.65,0.735,0.28665,part2a21_alpha_positions.csv,part2a21_alpha_eligibility.csv,artifacts_part2_g532/predictions/g532_final_consensus_tape.csv
2021-08-02,1.0,0.000599,1,1,0.023655,0,0.210117,0,VOO,0.023655,0.023655,0.023655,2.4e-05,0.000623,0.026331,0.023655,0.1108735228442635,0.4772667364685589,1,ok,1,0,0.0,1.0,0.65,0.735,0.33075,part2a21_alpha_positions.csv,part2a21_alpha_eligibility.csv,artifacts_part2_g532/predictions/g532_final_consensus_tape.csv
2021-08-11,,,0,0,0.0,0,0.202709,0,FLAT,0.0,0.0,0.023655,2.4e-05,,-0.008031,0.0,0.3691212424554436,0.5155237519236611,0,high_risk_veto,1,1,0.081438,0.922162,0.65,0.730208,0.284781,part2a21_alpha_positions.csv,part2a21_alpha_eligibility.csv,artifacts_part2_g532/predictions/g532_final_consensus_tape.csv
2021-08-20,,,0,0,0.0,0,0.08692,0,FLAT,0.0,0.0,0.0,0.0,,0.021156,0.0,0.3059699487909188,0.4813222319811698,0,high_risk_veto,1,1,0.064944,1.0,0.65,0.718764,0.116799,part2a21_alpha_positions.csv,part2a21_alpha_eligibility.csv,artifacts_part2_g532/predictions/g532_final_consensus_tape.csv
2021-08-31,-1.0,-0.000193,1,1,0.026187,0,0.248808,0,VOO,0.026187,0.026187,0.026187,2.6e-05,-0.000167,-0.006362,0.026187,0.1649731300623923,0.4200521113568884,1,ok,1,0,0.0,0.821273,0.65,0.770745,0.346835,part2a21_alpha_positions.csv,part2a21_alpha_eligibility.csv,artifacts_part2_g532/predictions/g532_final_consensus_tape.csv
2021-09-09,,,0,0,0.0,0,0.095219,0,FLAT,0.0,0.0,0.026187,2.6e-05,,-0.029413,0.0,0.3858138514385656,0.5183518106697966,0,high_risk_veto,1,1,0.069684,1.0,0.65,0.717579,0.116607,part2a21_alpha_positions.csv,part2a21_alpha_eligibility.csv,artifacts_part2_g532/predictions/g532_final_consensus_tape.csv
2021-09-20,,,0,0,0.0,0,0.076384,0,FLAT,0.0,0.0,0.0,0.0,,0.018079,0.0,0.2656998564414769,0.4862579308153685,0,high_risk_veto,1,1,0.067082,1.0,0.65,0.718229,0.116712,part2a21_alpha_positions.csv,part2a21_alpha_eligibility.csv,artifacts_part2_g532/predictions/g532_final_consensus_tape.csv
2021-09-29,,,0,0,0.0,0,0.065814,0,FLAT,0.0,0.0,0.0,0.0,,0.012526,0.0,0.2690402115354492,0.5009997919293091,0,high_risk_veto,1,1,0.076023,1.0,0.65,0.715994,0.116349,part2a21_alpha_positions.csv,part2a21_alpha_eligibility.csv,artifacts_part2_g532/predictions/g532_final_consensus_tape.csv
2021-10-08,,,0,0,0.0,0,0.073938,0,FLAT,0.0,0.0,0.0,0.0,,0.032703,0.0,0.3404745750565442,0.5490415635689897,0,high_risk_veto,1,1,0.119387,0.737949,0.65,0.757563,0.123104,part2a21_alpha_positions.csv,part2a21_alpha_eligibility.csv,artifacts_part2_g532/predictions/g532_final_consensus_tape.csv
2021-10-19,,,0,0,0.0,0,0.083012,0,FLAT,0.0,0.0,0.0,0.0,,0.011923,0.0,0.2751983984288893,0.5240429648011928,0,high_risk_veto,1,1,0.117544,0.751346,0.65,0.755345,0.122744,part2a21_alpha_positions.csv,part2a21_alpha_eligibility.csv,artifacts_part2_g532/predictions/g532_final_consensus_tape.csv
2021-10-28,1.0,0.00038,1,1,0.023963,0,0.221239,0,VOO,0.023963,0.023963,0.023963,2.4e-05,0.000404,0.016845,0.023963,0.2047478854369055,0.4516961236174412,1,ok,1,1,0.070362,1.0,0.65,0.717409,0.322834,part2a21_alpha_positions.csv,part2a21_alpha_eligibility.csv,artifacts_part2_g532/predictions/g532_final_consensus_tape.csv
2021-11-08,,,0,0,0.0,0,0.083725,0,FLAT,0.0,0.0,0.023963,2.4e-05,,0.00436,0.0,0.4160777792671562,0.5697199647644738,0,high_risk_veto,1,1,0.071225,1.0,0.65,0.717194,0.116544,part2a21_alpha_positions.csv,part2a21_alpha_eligibility.csv,artifacts_part2_g532/predictions/g532_final_consensus_tape.csv
2021-11-17,,,0,0,0.0,0,0.088947,0,FLAT,0.0,0.0,0.0,0.0,,-0.027053,0.0,0.458059872600462,0.5921877649577537,0,high_risk_veto,1,1,0.071924,1.0,0.65,0.717019,0.116516,part2a21_alpha_positions.csv,part2a21_alpha_eligibility.csv,artifacts_part2_g532/predictions/g532_final_consensus_tape.csv
2021-11-26,,,0,0,0.0,0,0.158631,0,FLAT,0.0,0.0,0.0,0.0,,0.019087,0.0,0.2481724467123983,0.4875031333512895,0,high_risk_veto,1,1,0.064944,1.0,0.65,0.718764,0.280318,part2a21_alpha_positions.csv,part2a21_alpha_eligibility.csv,artifacts_part2_g532/predictions/g532_final_consensus_tape.csv
2021-12-07,,,0,0,0.0,0,0.128431,0,FLAT,0.0,0.0,0.0,0.0,,-0.008306,0.0,0.2155749357432392,0.4683563433287898,0,high_risk_veto,1,1,0.09818,0.815826,0.65,0.74729,0.291443,part2a21_alpha_positions.csv,part2a21_alpha_eligibility.csv,artifacts_part2_g532/predictions/g532_final_consensus_tape.csv
2021-12-16,,,0,0,0.0,0,0.06216,0,FLAT,0.0,0.0,0.0,0.0,,0.030016,0.0,0.3264846513053601,0.5616184161480796,0,high_risk_veto,1,1,0.098771,0.87473,0.65,0.735361,0.119496,part2a21_alpha_positions.csv,part2a21_alpha_eligibility.csv,artifacts_part2_g532/predictions/g532_final_consensus_tape.csv
2021-12-27,,,0,0,0.0,0,0.069046,0,FLAT,0.0,0.0,0.0,0.0,,-0.001523,0.0,0.288338218189723,0.5747260978250214,0,high_risk_veto,1,1,0.125746,0.689427,0.65,0.765678,0.124423,part2a21_alpha_positions.csv,part2a21_alpha_eligibility.csv,artifacts_part2_g532/predictions/g532_final_consensus_tape.csv
2022-01-05,,,0,0,0.0,0,0.075227,0,FLAT,0.0,0.0,0.0,0.0,,-0.000827,0.0,0.38167834936897,0.6217788192757366,0,high_risk_veto,1,1,0.097255,0.883849,0.65,0.733916,0.119261,part2a21_alpha_positions.csv,part2a21_alpha_eligibility.csv,artifacts_part2_g532/predictions/g532_final_consensus_tape.csv
2022-01-14,,,0,0,0.0,0,0.17778,0,FLAT,0.0,0.0,0.0,0.0,,-0.067742,0.0,0.2595400328547426,0.5233681720782902,0,high_risk_veto,1,1,0.091625,0.865563,0.65,0.738981,0.288203,part2a21_alpha_positions.csv,part2a21_alpha_eligibility.csv,artifacts_part2_g532/predictions/g532_final_consensus_tape.csv
2022-01-25,,,0,0,0.0,0,0.069184,0,FLAT,0.0,0.0,0.0,0.0,,0.031684,0.0,0.4113994837309229,0.6361848882829467,0,high_risk_veto,1,1,0.076405,1.0,0.65,0.715899,0.116334,part2a21_alpha_positions.csv,part2a21_alpha_eligibility.csv,artifacts_part2_g532/predictions/g532_final_consensus_tape.csv
2022-02-03,,,0,0,0.0,0,0.05834,0,FLAT,0.0,0.0,0.0,0.0,,-0.001925,0.0,0.4556421391938302,0.6521882683226737,0,high_risk_veto,1,1,0.076405,1.0,0.65,0.715899,0.116334,part2a21_alpha_positions.csv,part2a21_alpha_eligibility.csv,artifacts_part2_g532/predictions/g532_final_consensus_tape.csv
2022-02-14,,,0,0,0.0,0,0.144466,0,FLAT,0.0,0.0,0.0,0.0,,-0.042311,0.0,0.2492474820566186,0.497317617002487,0,high_risk_veto,1,1,0.067715,1.0,0.65,0.718071,0.280048,part2a21_alpha_positions.csv,part2a21_alpha_eligibility.csv,artifacts_part2_g532/predictions/g532_final_consensus_tape.csv
2022-02-23,,,0,0,0.0,0,0.151527,0,FLAT,0.0,0.0,0.0,0.0,,0.002179,0.0,0.2193001295350836,0.2964266775082274,0,high_risk_veto,1,1,0.043647,0.899756,0.65,0.744137,0.290213,part2a21_alpha_positions.csv,part2a21_alpha_eligibility.csv,artifacts_part2_g532/predictions/g532_final_consensus_tape.csv
2022-03-04,,,0,0,0.0,0,0.129187,0,FLAT,0.0,0.0,0.0,0.0,,0.020863,0.0,0.21726245566092,0.3600865375070728,0,high_risk_veto,1,1,0.025288,1.0,0.65,0.728678,0.284184,part2a21_alpha_positions.csv,part2a21_alpha_eligibility.csv,artifacts_part2_g532/predictions/g532_final_consensus_tape.csv
2022-03-15,,,0,0,0.0,0,0.126074,0,FLAT,0.0,0.0,0.0,0.0,,0.076499,0.0,0.2149301508302626,0.4269590484793739,0,high_risk_veto,1,1,0.048355,0.876443,0.65,0.747623,0.291573,part2a21_alpha_positions.csv,part2a21_alpha_eligibility.csv,artifacts_part2_g532/predictions/g532_final_consensus_tape.csv
2022-03-24,,,0,0,0.0,0,0.176042,0,FLAT,0.0,0.0,0.0,0.0,,0.018471,0.0,0.2164853926077502,0.3227946405261117,0,weak_score,1,1,0.053683,0.837819,0.65,0.754015,0.339307,part2a21_alpha_positions.csv,part2a21_alpha_eligibility.csv,artifacts_part2_g532/predictions/g532_final_consensus_tape.csv
2022-04-04,,,0,0,0.0,0,0.178693,0,FLAT,0.0,0.0,0.0,0.0,,-0.009073,0.0,0.2175937691123831,0.2824826885825107,0,weak_score,1,1,0.055284,0.813447,0.65,0.75849,0.34132,part2a21_alpha_positions.csv,part2a21_alpha_eligibility.csv,artifacts_part2_g532/predictions/g532_final_consensus_tape.csv
2022-04-13,,,0,0,0.0,0,0.207224,0,FLAT,0.0,0.0,0.0,0.0,,-0.023737,0.0,0.2190867128268691,0.3396674081149389,0,low_agreement,1,1,0.050655,0.8589,0.65,0.750556,0.33775,part2a21_alpha_positions.csv,part2a21_alpha_eligibility.csv,artifacts_part2_g532/predictions/g532_final_consensus_tape.csv
2022-04-22,,,0,0,0.0,0,0.152453,0,FLAT,0.0,0.0,0.0,0.0,,-0.017444,0.0,0.2152916281225985,0.4014262110769116,0,high_risk_veto,1,1,0.026559,1.0,0.65,0.72836,0.284061,part2a21_alpha_positions.csv,part2a21_alpha_eligibility.csv,artifacts_part2_g532/predictions/g532_final_consensus_tape.csv
2022-05-03,,,0,0,0.0,0,0.123071,0,FLAT,0.0,0.0,0.0,0.0,,-0.070241,0.0,0.213646107773471,0.4811715485422077,0,high_risk_veto,1,1,0.029821,1.0,0.65,0.727545,0.283742,part2a21_alpha_positions.csv,part2a21_alpha_eligibility.csv,artifacts_part2_g532/predictions/g532_final_consensus_tape.csv
2022-05-12,,,0,0,0.0,0,0.123678,0,FLAT,0.0,0.0,0.0,0.0,,0.010887,0.0,0.2165059369875743,0.3857835028378107,0,high_risk_veto,1,1,0.037716,0.962332,0.65,0.733105,0.285911,part2a21_alpha_positions.csv,part2a21_alpha_eligibility.csv,artifacts_part2_g532/predictions/g532_final_consensus_tape.csv
2022-05-23,,,0,0,0.0,0,0.137838,0,FLAT,0.0,0.0,0.0,0.0,,0.036122,0.0,0.2155838723302661,0.4195081219476635,0,weak_score,1,1,0.069714,0.736298,0.65,0.770312,0.34664,part2a21_alpha_positions.csv,part2a21_alpha_eligibility.csv,artifacts_part2_g532/predictions/g532_final_consensus_tape.csv
2022-06-01,,,0,0,0.0,0,0.149763,0,FLAT,0.0,0.0,0.0,0.0,,-0.03114,0.0,0.2177773269886112,0.4015402473654217,0,high_risk_veto,1,1,0.029707,0.992688,0.65,0.729036,0.284324,part2a21_alpha_positions.csv,part2a21_alpha_eligibility.csv,artifacts_part2_g532/predictions/g532_final_consensus_tape.csv
2022-06-10,,,0,0,0.0,0,0.181072,0,FLAT,0.0,0.0,0.0,0.0,,-0.023705,0.0,0.2141604941754234,0.5376861450852053,0,weak_score,1,1,0.040591,0.926352,0.65,0.739582,0.332812,part2a21_alpha_positions.csv,part2a21_alpha_eligibility.csv,artifacts_part2_g532/predictions/g532_final_consensus_tape.csv
2022-06-21,,,0,0,0.0,0,0.132184,0,FLAT,0.0,0.0,0.0,0.0,,-0.019979,0.0,0.2171459905588827,0.4263097083911389,0,high_risk_veto,1,1,0.05755,0.822868,0.65,0.756039,0.294855,part2a21_alpha_positions.csv,part2a21_alpha_eligibility.csv,artifacts_part2_g532/predictions/g532_final_consensus_tape.csv
2022-06-30,,,0,0,0.0,0,0.150471,0,FLAT,0.0,0.0,0.0,0.0,,0.016779,0.0,0.2144362096420088,0.4530276728557396,0,weak_score,1,1,0.025348,1.0,0.65,0.728663,0.327898,part2a21_alpha_positions.csv,part2a21_alpha_eligibility.csv,artifacts_part2_g532/predictions/g532_final_consensus_tape.csv
2022-07-11,,,0,0,0.0,0,0.174426,0,FLAT,0.0,0.0,0.0,0.0,,0.031023,0.0,0.2153178550259707,0.389870280319728,0,weak_score,1,1,0.025348,1.0,0.65,0.728663,0.327898,part2a21_alpha_positions.csv,part2a21_alpha_eligibility.csv,artifacts_part2_g532/predictions/g532_final_consensus_tape.csv
2022-07-20,,,0,0,0.0,0,0.174139,0,FLAT,0.0,0.0,0.0,0.0,,0.011017,0.0,0.2167999309581867,0.3388127776535473,0,weak_score,1,1,0.06528,0.732934,0.65,0.772093,0.347442,part2a21_alpha_positions.csv,part2a21_alpha_eligibility.csv,artifacts_part2_g532/predictions/g532_final_consensus_tape.csv
2022-07-29,,,0,0,0.0,0,0.176381,0,FLAT,0.0,0.0,0.0,0.0,,0.008873,0.0,0.2144582806574997,0.4250556495888541,0,weak_score,1,1,0.071329,0.660004,0.65,0.785167,0.353325,part2a21_alpha_positions.csv,part2a21_alpha_eligibility.csv,artifacts_part2_g532/predictions/g532_final_consensus_tape.csv
2022-08-09,,,0,0,0.0,0,0.209142,0,FLAT,0.0,0.0,0.0,0.0,,0.044865,0.0,0.2163302852090219,0.4283294077253992,0,weak_score,1,1,0.084604,0.666696,0.65,0.78051,0.351229,part2a21_alpha_positions.csv,part2a21_alpha_eligibility.csv,artifacts_part2_g532/predictions/g532_final_consensus_tape.csv
2022-08-18,,,0,0,0.0,0,0.22425,0,FLAT,0.0,0.0,0.0,0.0,,-0.042229,0.0,0.2153544321555609,0.4367275198276881,0,weak_score,1,1,0.057275,0.833549,0.65,0.753971,0.339287,part2a21_alpha_positions.csv,part2a21_alpha_eligibility.csv,artifacts_part2_g532/predictions/g532_final_consensus_tape.csv
2022-08-29,,,0,0,0.0,0,0.160881,0,FLAT,0.0,0.0,0.0,0.0,,-0.00035,0.0,0.2175300897347788,0.3307318689859861,0,high_risk_veto,1,1,0.041987,0.915604,0.65,0.741382,0.289139,part2a21_alpha_positions.csv,part2a21_alpha_eligibility.csv,artifacts_part2_g532/predictions/g532_final_consensus_tape.csv
2022-09-07,,,0,0,0.0,0,0.132581,0,FLAT,0.0,0.0,0.0,0.0,,-0.013434,0.0,0.3060546615940854,0.5503769834987801,0,high_risk_veto,1,1,0.35,1.0,0.65,0.6475,0.252525,part2a21_alpha_positions.csv,part2a21_alpha_eligibility.csv,artifacts_part2_g532/predictions/g532_final_consensus_tape.csv
2022-09-16,,,0,0,0.0,0,0.124471,0,FLAT,0.0,0.0,0.0,0.0,,-0.016595,0.0,0.5404699724947373,0.7074071377081596,0,high_risk_veto,1,1,0.35,1.0,0.65,0.6475,0.252525,part2a21_alpha_positions.csv,part2a21_alpha_eligibility.csv,artifacts_part2_g532/predictions/g532_final_consensus_tape.csv
2022-09-27,,,0,0,0.0,0,0.061811,0,FLAT,0.0,0.0,0.0,0.0,,0.01288,0.0,0.4080444313099169,0.6465709833757319,0,high_risk_veto,1,1,0.35,1.0,0.65,0.6475,0.105219,part2a21_alpha_positions.csv,part2a21_alpha_eligibility.csv,artifacts_part2_g532/predictions/g532_final_consensus_tape.csv
2022-10-06,,,0,0,0.0,0,0.054782,0,FLAT,0.0,0.0,0.0,0.0,,-0.003746,0.0,0.4556874114723894,0.6967558328176827,0,high_risk_veto,1,1,0.35,1.0,0.65,0.6475,0.105219,part2a21_alpha_positions.csv,part2a21_alpha_eligibility.csv,artifacts_part2_g532/predictions/g532_final_consensus_tape.csv
2022-10-17,,,0,0,0.0,0,0.047694,0,FLAT,0.0,0.0,0.0,0.0,,0.038054,0.0,0.4832597879313506,0.7240659150482555,0,high_risk_veto,1,1,0.35,1.0,0.65,0.6475,0.105219,part2a21_alpha_positions.csv,part2a21_alpha_eligibility.csv,artifacts_part2_g532/predictions/g532_final_consensus_tape.csv
2022-10-26,,,0,0,0.0,0,0.05326,0,FLAT,0.0,0.0,0.0,0.0,,-0.004148,0.0,0.4732432331806332,0.7156450817699068,0,high_risk_veto,1,1,0.35,1.0,0.65,0.6475,0.105219,part2a21_alpha_positions.csv,part2a21_alpha_eligibility.csv,artifacts_part2_g532/predictions/g532_final_consensus_tape.csv
2022-11-04,,,0,0,0.0,0,0.052659,0,FLAT,0.0,0.0,0.0,0.0,,0.025708,0.0,0.5378503124948961,0.7800054180298329,0,high_risk_veto,1,1,0.35,1.0,0.65,0.6475,0.105219,part2a21_alpha_positions.csv,part2a21_alpha_eligibility.csv,artifacts_part2_g532/predictions/g532_final_consensus_tape.csv
2022-11-15,,,0,0,0.0,0,0.049762,0,FLAT,0.0,0.0,0.0,0.0,,0.002397,0.0,0.3986680170493798,0.6262333018369246,0,high_risk_veto,1,1,0.35,1.0,0.65,0.6475,0.105219,part2a21_alpha_positions.csv,part2a21_alpha_eligibility.csv,artifacts_part2_g532/predictions/g532_final_consensus_tape.csv
2022-11-24,,,0,0,0.0,0,0.16996,0,FLAT,0.0,0.0,0.0,0.0,,-0.014316,0.0,0.2990128643572318,0.5140238274507175,0,high_risk_veto,1,1,0.35,1.0,0.65,0.6475,0.252525,part2a21_alpha_positions.csv,part2a21_alpha_eligibility.csv,artifacts_part2_g532/predictions/g532_final_consensus_tape.csv
2022-12-05,,,0,0,0.0,0,0.152155,0,FLAT,0.0,0.0,0.0,0.0,,-0.012498,0.0,0.3748223184868013,0.6140549865412173,0,high_risk_veto,1,1,0.35,1.0,0.65,0.6475,0.252525,part2a21_alpha_positions.csv,part2a21_alpha_eligibility.csv,artifacts_part2_g532/predictions/g532_final_consensus_tape.csv
2022-12-14,,,0,0,0.0,0,0.147922,0,FLAT,0.0,0.0,0.0,0.0,,-0.018128,0.0,0.3696421632495542,0.6437175895039866,0,high_risk_veto,1,1,0.35,1.0,0.65,0.6475,0.252525,part2a21_alpha_positions.csv,part2a21_alpha_eligibility.csv,artifacts_part2_g532/predictions/g532_final_consensus_tape.csv
2022-12-23,,,0,0,0.0,0,0.056385,0,FLAT,0.0,0.0,0.0,0.0,,-0.003081,0.0,0.4672892900722623,0.6721739079005253,0,high_risk_veto,1,1,0.35,1.0,0.65,0.6475,0.105219,part2a21_alpha_positions.csv,part2a21_alpha_eligibility.csv,artifacts_part2_g532/predictions/g532_final_consensus_tape.csv
2023-01-03,,,0,0,0.0,0,0.064467,0,FLAT,0.0,0.0,0.0,0.0,,0.010967,0.0,0.4188017237452585,0.6346270644944353,0,high_risk_veto,1,1,0.35,1.0,0.65,0.6475,0.105219,part2a21_alpha_positions.csv,part2a21_alpha_eligibility.csv,artifacts_part2_g532/predictions/g532_final_consensus_tape.csv
2023-01-12,,,0,0,0.0,0,0.19938,0,FLAT,0.0,0.0,0.0,0.0,,0.015842,0.0,0.1958888014091822,0.418797466834446,0,weak_score,1,1,0.264823,1.0,0.65,0.668794,0.300957,part2a21_alpha_positions.csv,part2a21_alpha_eligibility.csv,artifacts_part2_g532/predictions/g532_final_consensus_tape.csv
2023-01-23,,,0,0,0.0,0,0.154189,0,FLAT,0.0,0.0,0.0,0.0,,0.014385,0.0,0.1534156587296116,0.3759861666872656,0,weak_score,1,1,0.267315,1.0,0.65,0.668171,0.300677,part2a21_alpha_positions.csv,part2a21_alpha_eligibility.csv,artifacts_part2_g532/predictions/g532_final_consensus_tape.csv
2023-02-01,,,0,0,0.0,0,0.176767,0,FLAT,0.0,0.0,0.0,0.0,,0.021297,0.0,0.1668931831440384,0.3938739200952864,0,weak_score,1,1,0.269208,1.0,0.65,0.667698,0.300464,part2a21_alpha_positions.csv,part2a21_alpha_eligibility.csv,artifacts_part2_g532/predictions/g532_final_consensus_tape.csv
2023-02-10,,,0,0,0.0,0,0.064841,0,FLAT,0.0,0.0,0.0,0.0,,-0.005551,0.0,0.4795058708860295,0.6791830589634252,0,high_risk_veto,1,1,0.35,1.0,0.65,0.6475,0.105219,part2a21_alpha_positions.csv,part2a21_alpha_eligibility.csv,artifacts_part2_g532/predictions/g532_final_consensus_tape.csv
2023-02-21,,,0,0,0.0,0,0.068845,0,FLAT,0.0,0.0,0.0,0.0,,0.004413,0.0,0.4624249592938375,0.6592824849571274,0,high_risk_veto,1,1,0.35,1.0,0.65,0.6475,0.105219,part2a21_alpha_positions.csv,part2a21_alpha_eligibility.csv,artifacts_part2_g532/predictions/g532_final_consensus_tape.csv
2023-03-02,,,0,0,0.0,0,0.076454,0,FLAT,0.0,0.0,0.0,0.0,,-0.074227,0.0,0.4284483227961147,0.677776580309275,0,high_risk_veto,1,1,0.35,1.0,0.65,0.6475,0.105219,part2a21_alpha_positions.csv,part2a21_alpha_eligibility.csv,artifacts_part2_g532/predictions/g532_final_consensus_tape.csv
2023-03-13,,,0,0,0.0,0,0.130355,0,FLAT,0.0,0.0,0.0,0.0,,0.013626,0.0,0.2146448116341558,0.4465017534078496,0,high_risk_veto,1,1,0.35,1.0,0.65,0.6475,0.252525,part2a21_alpha_positions.csv,part2a21_alpha_eligibility.csv,artifacts_part2_g532/predictions/g532_final_consensus_tape.csv
2023-03-22,,,0,0,0.0,0,0.104354,0,FLAT,0.0,0.0,0.0,0.0,,0.044562,0.0,0.265272522370438,0.5696301769465087,0,high_risk_veto,1,1,0.212026,1.0,0.65,0.681994,0.265978,part2a21_alpha_positions.csv,part2a21_alpha_eligibility.csv,artifacts_part2_g532/predictions/g532_final_consensus_tape.csv
2023-03-31,,,0,0,0.0,0,0.161979,0,FLAT,0.0,0.0,0.0,0.0,,-0.0044,0.0,0.225646831397877,0.3123872004199801,0,low_agreement,1,1,0.180222,1.0,0.65,0.689945,0.310475,part2a21_alpha_positions.csv,part2a21_alpha_eligibility.csv,artifacts_part2_g532/predictions/g532_final_consensus_tape.csv
2023-04-11,1.0,5.5e-05,1,1,0.005129,0,0.201764,0,VOO,0.005129,0.005129,0.005129,5e-06,6e-05,0.01165,0.005129,0.2353720623458837,0.6332152758538087,1,ok,1,1,0.212026,1.0,0.65,0.681994,0.306897,part2a21_alpha_positions.csv,part2a21_alpha_eligibility.csv,artifacts_part2_g532/predictions/g532_final_consensus_tape.csv
2023-04-20,,,0,0,0.0,0,0.174287,0,FLAT,0.0,0.0,0.005129,5e-06,,0.011571,0.0,0.2340723001181603,0.5982197887351243,0,high_risk_veto,1,1,0.212026,1.0,0.65,0.681994,0.265978,part2a21_alpha_positions.csv,part2a21_alpha_eligibility.csv,artifacts_part2_g532/predictions/g532_final_consensus_tape.csv
2023-05-01,-1.0,-0.0001,1,1,0.004583,0,0.175035,0,VOO,0.004583,0.004583,0.004583,5e-06,-9.5e-05,-0.020772,0.004583,0.2518581333313155,0.4370460160814052,1,ok,1,1,0.227266,0.7821,0.65,0.721764,0.324794,part2a21_alpha_positions.csv,part2a21_alpha_eligibility.csv,artifacts_part2_g532/predictions/g532_final_consensus_tape.csv
2023-05-10,1.0,5.8e-05,1,1,0.001746,0,0.160867,0,VOO,0.001746,0.001746,0.002837,3e-06,6.1e-05,0.03507,0.001746,0.2180766947732376,0.241691370625512,1,ok,1,1,0.202812,0.851471,0.65,0.714003,0.321301,part2a21_alpha_positions.csv,part2a21_alpha_eligibility.csv,artifacts_part2_g532/predictions/g532_final_consensus_tape.csv
2023-05-19,1.0,9e-06,1,1,0.003569,0,0.218916,0,VOO,0.003569,0.003569,0.001823,2e-06,1.1e-05,0.003071,0.003569,0.2144574878169993,0.2471766217275407,1,ok,1,1,0.232232,0.782448,0.65,0.720452,0.324204,part2a21_alpha_positions.csv,part2a21_alpha_eligibility.csv,artifacts_part2_g532/predictions/g532_final_consensus_tape.csv
2023-05-30,,,0,0,0.0,0,0.188131,0,FLAT,0.0,0.0,0.003569,4e-06,,0.023212,0.0,0.20678269252634,0.2750825438354033,0,low_agreement,1,1,0.216046,0.94839,0.65,0.691311,0.31109,part2a21_alpha_positions.csv,part2a21_alpha_eligibility.csv,artifacts_part2_g532/predictions/g532_final_consensus_tape.csv
2023-06-08,,,0,0,0.0,0,0.204009,0,FLAT,0.0,0.0,0.0,0.0,,0.031541,0.0,0.1971956863205544,0.1204884200836721,0,low_agreement,1,1,0.196054,0.833368,0.65,0.719313,0.323691,part2a21_alpha_positions.csv,part2a21_alpha_eligibility.csv,artifacts_part2_g532/predictions/g532_final_consensus_tape.csv
2023-06-19,-1.0,-0.00021,1,1,0.01609,0,0.259408,0,VOO,0.01609,0.01609,0.01609,1.6e-05,-0.000194,-0.012038,0.01609,0.188041561637146,0.1241649221013174,1,ok,1,1,0.105365,0.831476,0.65,0.742364,0.334064,part2a21_alpha_positions.csv,part2a21_alpha_eligibility.csv,artifacts_part2_g532/predictions/g532_final_consensus_tape.csv
2023-06-28,,,0,0,0.0,0,0.204924,0,FLAT,0.0,0.0,0.01609,1.6e-05,,0.031534,0.0,0.2143750362685287,0.351450448250886,0,low_agreement,1,1,0.218049,0.935065,0.65,0.693475,0.312064,part2a21_alpha_positions.csv,part2a21_alpha_eligibility.csv,artifacts_part2_g532/predictions/g532_final_consensus_tape.csv
2023-07-07,1.0,0.000231,1,1,0.020716,0,0.220451,0,VOO,0.020716,0.020716,0.020716,2.1e-05,0.000252,0.012166,0.020716,0.2170793325958721,0.4759064459516081,1,ok,1,1,0.233437,0.800609,0.65,0.716519,0.322433,part2a21_alpha_positions.csv,part2a21_alpha_eligibility.csv,artifacts_part2_g532/predictions/g532_final_consensus_tape.csv
2023-07-18,,,0,0,0.0,0,0.274283,0,FLAT,0.0,0.0,0.020716,2.1e-05,,0.011839,0.0,0.1936060349234631,0.1577376709869397,0,low_agreement,1,1,0.085617,0.947233,0.65,0.724149,0.325867,part2a21_alpha_positions.csv,part2a21_alpha_eligibility.csv,artifacts_part2_g532/predictions/g532_final_consensus_tape.csv
2023-07-27,,,0,0,0.0,0,0.226512,0,FLAT,0.0,0.0,0.0,0.0,,-0.001569,0.0,0.2198822892324161,0.5188359610730532,0,high_risk_veto,1,1,0.215522,0.882551,0.65,0.704609,0.274798,part2a21_alpha_positions.csv,part2a21_alpha_eligibility.csv,artifacts_part2_g532/predictions/g532_final_consensus_tape.csv
2023-08-07,,,0,0,0.0,0,0.17933,0,FLAT,0.0,0.0,0.0,0.0,,-0.010008,0.0,0.2038785675781168,0.3085756218289709,0,high_risk_veto,1,1,0.22437,0.872082,0.65,0.704491,0.274752,part2a21_alpha_positions.csv,part2a21_alpha_eligibility.csv,artifacts_part2_g532/predictions/g532_final_consensus_tape.csv
2023-08-16,,,0,0,0.0,0,0.174556,0,FLAT,0.0,0.0,0.0,0.0,,-0.002152,0.0,0.1991391031789149,0.2716173939624844,0,high_risk_veto,1,1,0.230176,0.836822,0.65,0.710092,0.276936,part2a21_alpha_positions.csv,part2a21_alpha_eligibility.csv,artifacts_part2_g532/predictions/g532_final_consensus_tape.csv
2023-08-25,,,0,0,0.0,0,0.182196,0,FLAT,0.0,0.0,0.0,0.0,,0.021732,0.0,0.2095377299392465,0.3755160192938374,0,high_risk_veto,1,1,0.219301,0.940476,0.65,0.692079,0.269911,part2a21_alpha_positions.csv,part2a21_alpha_eligibility.csv,artifacts_part2_g532/predictions/g532_final_consensus_tape.csv
2023-09-05,1.0,4.4e-05,1,1,0.025283,0,0.247856,0,VOO,0.025283,0.025283,0.025283,2.5e-05,6.9e-05,0.00274,0.025283,0.1725566159042181,0.0848828020978837,1,ok,1,1,0.100895,0.839311,0.65,0.741914,0.333861,part2a21_alpha_positions.csv,part2a21_alpha_eligibility.csv,artifacts_part2_g532/predictions/g532_final_consensus_tape.csv
2023-09-14,,,0,0,0.0,0,0.236045,0,FLAT,0.0,0.0,0.025283,2.5e-05,,-0.02014,0.0,0.1803285144468937,0.1121997773086191,0,low_agreement,1,1,0.093302,0.899646,0.65,0.731745,0.329285,part2a21_alpha_positions.csv,part2a21_alpha_eligibility.csv,artifacts_part2_g532/predictions/g532_final_consensus_tape.csv
2023-09-25,,,0,0,0.0,0,0.181656,0,FLAT,0.0,0.0,0.0,0.0,,-0.005426,0.0,0.1994822469781931,0.2847585362465591,0,high_risk_veto,1,1,0.218911,0.906559,0.65,0.69896,0.272595,part2a21_alpha_positions.csv,part2a21_alpha_eligibility.csv,artifacts_part2_g532/predictions/g532_final_consensus_tape.csv
2023-10-04,,,0,0,0.0,0,0.183751,0,FLAT,0.0,0.0,0.0,0.0,,0.006795,0.0,0.1449203675883501,0.2500137076112667,0,high_risk_veto,1,1,0.277347,0.764131,0.65,0.712837,0.278006,part2a21_alpha_positions.csv,part2a21_alpha_eligibility.csv,artifacts_part2_g532/predictions/g532_final_consensus_tape.csv
2023-10-13,,,0,0,0.0,0,0.177487,0,FLAT,0.0,0.0,0.0,0.0,,-0.005253,0.0,0.1561480272669782,0.2984371033511603,0,high_risk_veto,1,1,0.294016,0.812067,0.65,0.699082,0.272642,part2a21_alpha_positions.csv,part2a21_alpha_eligibility.csv,artifacts_part2_g532/predictions/g532_final_consensus_tape.csv
2023-10-24,,,0,0,0.0,0,0.161753,0,FLAT,0.0,0.0,0.0,0.0,,0.004257,0.0,0.1501746583208742,0.2829360080410094,0,high_risk_veto,1,1,0.291901,0.851542,0.65,0.691716,0.269769,part2a21_alpha_positions.csv,part2a21_alpha_eligibility.csv,artifacts_part2_g532/predictions/g532_final_consensus_tape.csv
2023-11-02,,,0,0,0.0,0,0.173669,0,FLAT,0.0,0.0,0.0,0.0,,0.019473,0.0,0.1232067308879322,0.1384401514830845,0,low_agreement,1,1,0.276775,0.92002,0.65,0.681802,0.306811,part2a21_alpha_positions.csv,part2a21_alpha_eligibility.csv,artifacts_part2_g532/predictions/g532_final_consensus_tape.csv
2023-11-13,1.0,0.000257,1,1,0.017498,0,0.231834,0,VOO,0.017498,0.017498,0.017498,1.7e-05,0.000274,0.015668,0.017498,0.1093618234607822,0.1127775735067839,1,ok,1,1,0.273295,0.720392,0.65,0.722598,0.325169,part2a21_alpha_positions.csv,part2a21_alpha_eligibility.csv,artifacts_part2_g532/predictions/g532_final_consensus_tape.csv
2023-11-22,,,0,0,0.0,0,0.236211,0,FLAT,0.0,0.0,0.017498,1.7e-05,,-0.007625,0.0,0.1034956219227701,0.105055340460238,0,low_agreement,1,1,0.295645,0.657903,0.65,0.729508,0.328279,part2a21_alpha_positions.csv,part2a21_alpha_eligibility.csv,artifacts_part2_g532/predictions/g532_final_consensus_tape.csv
2023-12-01,,,0,0,0.0,0,0.237402,0,FLAT,0.0,0.0,0.0,0.0,,0.010062,0.0,0.1582569164098837,0.2656199573024568,0,low_agreement,1,1,0.309314,0.63729,0.65,0.730213,0.328596,part2a21_alpha_positions.csv,part2a21_alpha_eligibility.csv,artifacts_part2_g532/predictions/g532_final_consensus_tape.csv
2023-12-12,,,0,0,0.0,0,0.228575,0,FLAT,0.0,0.0,0.0,0.0,,-0.003423,0.0,0.1050803371971855,0.1224560763652178,0,low_agreement,1,1,0.307776,0.595248,0.65,0.739006,0.332553,part2a21_alpha_positions.csv,part2a21_alpha_eligibility.csv,artifacts_part2_g532/predictions/g532_final_consensus_tape.csv
2023-12-21,,,0,0,0.0,0,0.17754,0,FLAT,0.0,0.0,0.0,0.0,,0.004644,0.0,0.1530128062845933,0.287568171079515,0,high_risk_veto,1,1,0.292519,0.730563,0.65,0.715758,0.279146,part2a21_alpha_positions.csv,part2a21_alpha_eligibility.csv,artifacts_part2_g532/predictions/g532_final_consensus_tape.csv
2024-01-01,1.0,0.000266,1,1,0.023579,0,0.209077,0,VOO,0.023579,0.023579,0.023579,2.4e-05,0.00029,0.012302,0.023579,0.1390452475634378,0.1976425870990159,1,ok,1,1,0.305416,0.770156,0.65,0.704615,0.317077,part2a21_alpha_positions.csv,part2a21_alpha_eligibility.csv,artifacts_part2_g532/predictions/g532_final_consensus_tape.csv
2024-01-10,,,0,0,0.0,0,0.206389,0,FLAT,0.0,0.0,0.023579,2.4e-05,,0.017604,0.0,0.1451165277809015,0.2607964045679218,0,high_risk_veto,1,1,0.300037,0.66028,0.65,0.727935,0.283895,part2a21_alpha_positions.csv,part2a21_alpha_eligibility.csv,artifacts_part2_g532/predictions/g532_final_consensus_tape.csv
2024-01-19,,,0,0,0.0,0,0.188926,0,FLAT,0.0,0.0,0.0,0.0,,0.010065,0.0,0.1396434154354221,0.2333699071704885,0,high_risk_veto,1,1,0.278333,0.877859,0.65,0.689845,0.26904,part2a21_alpha_positions.csv,part2a21_alpha_eligibility.csv,artifacts_part2_g532/predictions/g532_final_consensus_tape.csv
2024-01-30,1.0,0.000546,1,1,0.024541,0,0.233511,0,VOO,0.024541,0.024541,0.024541,2.5e-05,0.00057,0.023237,0.024541,0.159443445214597,0.3235780825024117,1,ok,1,1,0.299997,0.870351,0.65,0.685931,0.308669,part2a21_alpha_positions.csv,part2a21_alpha_eligibility.csv,artifacts_part2_g532/predictions/g532_final_consensus_tape.csv
2024-02-08,1.0,0.000214,1,1,0.018585,0,0.17714,0,VOO,0.018585,0.018585,0.005957,6e-06,0.00022,0.01186,0.018585,0.1385534954398207,0.2106006685645739,1,ok,1,1,0.303082,0.818234,0.65,0.695583,0.313012,part2a21_alpha_positions.csv,part2a21_alpha_eligibility.csv,artifacts_part2_g532/predictions/g532_final_consensus_tape.csv
2024-02-19,1.0,0.000278,1,1,0.027963,0,0.24031,0,VOO,0.027963,0.027963,0.009378,9e-06,0.000288,0.010284,0.027963,0.1996983531534407,0.4618301234596094,1,ok,1,1,0.35,0.805881,0.65,0.686324,0.308846,part2a21_alpha_positions.csv,part2a21_alpha_eligibility.csv,artifacts_part2_g532/predictions/g532_final_consensus_tape.csv
2024-02-28,-1.0,-0.000101,1,1,0.022369,0,0.199855,0,VOO,0.022369,0.022369,0.005594,6e-06,-9.5e-05,-0.004254,0.022369,0.195850157549587,0.4209168287106368,1,ok,1,1,0.291949,0.97629,0.65,0.666755,0.30004,part2a21_alpha_positions.csv,part2a21_alpha_eligibility.csv,artifacts_part2_g532/predictions/g532_final_consensus_tape.csv
2024-03-08,1.0,0.000662,1,1,0.025526,0,0.205358,0,VOO,0.025526,0.025526,0.003157,3e-06,0.000665,0.026039,0.025526,0.1873139170557255,0.4065662094751401,1,ok,1,1,0.289506,1.0,0.65,0.662624,0.298181,part2a21_alpha_positions.csv,part2a21_alpha_eligibility.csv,artifacts_part2_g532/predictions/g532_final_consensus_tape.csv
2024-03-19,,,0,0,0.0,0,0.219505,0,FLAT,0.0,0.0,0.025526,2.6e-05,,0.004857,0.0,0.1533734453767239,0.2671552465830475,0,low_agreement,1,1,0.28126,0.898151,0.65,0.685055,0.308275,part2a21_alpha_positions.csv,part2a21_alpha_eligibility.csv,artifacts_part2_g532/predictions/g532_final_consensus_tape.csv
2024-03-28,1.0,0.000162,1,1,0.026414,0,0.237332,0,VOO,0.026414,0.026414,0.026414,2.6e-05,0.000188,0.007127,0.026414,0.1820485273709415,0.3516778580070785,1,ok,1,1,0.301316,0.849247,0.65,0.689822,0.31042,part2a21_alpha_positions.csv,part2a21_alpha_eligibility.csv,artifacts_part2_g532/predictions/g532_final_consensus_tape.csv
2024-04-08,-1.0,-0.000491,1,1,0.019421,0,0.200497,0,VOO,0.019421,0.019421,0.006993,7e-06,-0.000484,-0.024931,0.019421,0.16951123892708,0.36092438789836,1,ok,1,1,0.301192,0.851278,0.65,0.689446,0.310251,part2a21_alpha_positions.csv,part2a21_alpha_eligibility.csv,artifacts_part2_g532/predictions/g532_final_consensus_tape.csv
2024-04-17,,,0,0,0.0,0,0.192049,0,FLAT,0.0,0.0,0.019421,1.9e-05,,0.020481,0.0,0.4759604579094336,0.64652998259802,0,high_risk_veto,1,1,0.013506,0.450947,0.65,0.841434,0.328159,part2a21_alpha_positions.csv,part2a21_alpha_eligibility.csv,artifacts_part2_g532/predictions/g532_final_consensus_tape.csv
2024-04-26,,,0,0,0.0,0,0.208173,0,FLAT,0.0,0.0,0.0,0.0,,0.000408,0.0,0.5053761496754179,0.5814458797555517,0,high_risk_veto,1,1,0.081986,0.580074,0.65,0.798489,0.311411,part2a21_alpha_positions.csv,part2a21_alpha_eligibility.csv,artifacts_part2_g532/predictions/g532_final_consensus_tape.csv
2024-05-07,,,0,0,0.0,0,0.231584,0,FLAT,0.0,0.0,0.0,0.0,,0.01533,0.0,0.4891472588103324,0.6406259289892017,0,high_risk_veto,1,1,0.080479,0.380724,0.65,0.838736,0.327107,part2a21_alpha_positions.csv,part2a21_alpha_eligibility.csv,artifacts_part2_g532/predictions/g532_final_consensus_tape.csv
2024-05-16,,,0,0,0.0,0,0.272691,0,FLAT,0.0,0.0,0.0,0.0,,0.007146,0.0,0.4298241494124046,0.6001541539451635,0,high_risk_veto,1,1,0.087214,0.322692,0.65,0.848658,0.330977,part2a21_alpha_positions.csv,part2a21_alpha_eligibility.csv,artifacts_part2_g532/predictions/g532_final_consensus_tape.csv
2024-05-27,,,0,0,0.0,0,0.272258,0,FLAT,0.0,0.0,0.0,0.0,,-0.004898,0.0,0.4558399447017028,0.6454449085555211,0,high_risk_veto,1,1,0.076748,0.422158,0.65,0.831381,0.324239,part2a21_alpha_positions.csv,part2a21_alpha_eligibility.csv,artifacts_part2_g532/predictions/g532_final_consensus_tape.csv
2024-06-05,,,0,0,0.0,0,0.22046,0,FLAT,0.0,0.0,0.0,0.0,,0.008427,0.0,0.4532612645320231,0.6237470064762636,0,high_risk_veto,1,1,0.078682,0.615218,0.65,0.792286,0.308992,part2a21_alpha_positions.csv,part2a21_alpha_eligibility.csv,artifacts_part2_g532/predictions/g532_final_consensus_tape.csv
2024-06-14,,,0,0,0.0,0,0.231099,0,FLAT,0.0,0.0,0.0,0.0,,0.008001,0.0,0.3877861135914271,0.5201432671301106,0,high_risk_veto,1,1,0.081623,0.58408,0.65,0.797778,0.311134,part2a21_alpha_positions.csv,part2a21_alpha_eligibility.csv,artifacts_part2_g532/predictions/g532_final_consensus_tape.csv
2024-06-25,,,0,0,0.0,0,0.232008,0,FLAT,0.0,0.0,0.0,0.0,,0.018268,0.0,0.3105890494121643,0.3940290729540317,0,high_risk_veto,1,1,0.077032,0.670641,0.65,0.781614,0.304829,part2a21_alpha_positions.csv,part2a21_alpha_eligibility.csv,artifacts_part2_g532/predictions/g532_final_consensus_tape.csv
2024-07-04,,,0,0,0.0,0,0.23706,0,FLAT,0.0,0.0,0.0,0.0,,0.007455,0.0,0.4133764075482291,0.4933717600726645,0,high_risk_veto,1,1,0.072654,0.716311,0.65,0.773574,0.301694,part2a21_alpha_positions.csv,part2a21_alpha_eligibility.csv,artifacts_part2_g532/predictions/g532_final_consensus_tape.csv
2024-07-15,,,0,0,0.0,0,0.220486,0,FLAT,0.0,0.0,0.0,0.0,,-0.033972,0.0,0.3800429707554013,0.5290759118053613,0,high_risk_veto,1,1,0.087811,0.595332,0.65,0.793981,0.309653,part2a21_alpha_positions.csv,part2a21_alpha_eligibility.csv,artifacts_part2_g532/predictions/g532_final_consensus_tape.csv
2024-07-24,,,0,0,0.0,0,0.188285,0,FLAT,0.0,0.0,0.0,0.0,,-0.05265,0.0,0.5570844579707915,0.7525083814019348,0,high_risk_veto,1,0,0.0,0.679221,0.65,0.799156,0.311671,part2a21_alpha_positions.csv,part2a21_alpha_eligibility.csv,artifacts_part2_g532/predictions/g532_final_consensus_tape.csv
2024-08-02,,,0,0,0.0,0,0.1622,0,FLAT,0.0,0.0,0.0,0.0,,0.020081,0.0,0.5367117527473838,0.681945333916803,0,high_risk_veto,1,0,0.0,0.708465,0.65,0.793307,0.30939,part2a21_alpha_positions.csv,part2a21_alpha_eligibility.csv,artifacts_part2_g532/predictions/g532_final_consensus_tape.csv
2024-08-13,,,0,0,0.0,0,0.129948,0,FLAT,0.0,0.0,0.0,0.0,,0.025808,0.0,0.3685353151438352,0.4981376664348833,0,high_risk_veto,1,1,0.060628,0.79651,0.65,0.760541,0.296611,part2a21_alpha_positions.csv,part2a21_alpha_eligibility.csv,artifacts_part2_g532/predictions/g532_final_consensus_tape.csv
2024-08-22,,,0,0,0.0,0,0.213008,0,FLAT,0.0,0.0,0.0,0.0,,0.016206,0.0,0.4829880075048962,0.6601442334915723,0,high_risk_veto,1,1,0.016476,0.413307,0.65,0.84822,0.330806,part2a21_alpha_positions.csv,part2a21_alpha_eligibility.csv,artifacts_part2_g532/predictions/g532_final_consensus_tape.csv
2024-09-02,,,0,0,0.0,0,0.230355,0,FLAT,0.0,0.0,0.0,0.0,,-0.037844,0.0,0.5241327920013756,0.6154947516244594,0,high_risk_veto,1,1,0.085677,0.572435,0.65,0.799094,0.311647,part2a21_alpha_positions.csv,part2a21_alpha_eligibility.csv,artifacts_part2_g532/predictions/g532_final_consensus_tape.csv
2024-09-11,,,0,0,0.0,0,0.179261,0,FLAT,0.0,0.0,0.0,0.0,,0.032271,0.0,0.5364624107349262,0.6060413393064669,0,high_risk_veto,1,1,0.008763,0.49224,0.65,0.834361,0.325401,part2a21_alpha_positions.csv,part2a21_alpha_eligibility.csv,artifacts_part2_g532/predictions/g532_final_consensus_tape.csv
2024-09-20,,,0,0,0.0,0,0.230534,0,FLAT,0.0,0.0,0.0,0.0,,0.000353,0.0,0.5807931764295783,0.6627299377677903,0,high_risk_veto,1,1,0.087564,0.376647,0.65,0.83778,0.326734,part2a21_alpha_positions.csv,part2a21_alpha_eligibility.csv,artifacts_part2_g532/predictions/g532_final_consensus_tape.csv
2024-10-01,,,0,0,0.0,1,0.09549,0,FLAT,0.0,0.0,0.0,0.0,,0.037291,0.0,0.48487890967459,0.5706459848340014,0,high_risk_veto,1,1,0.08387,0.558673,0.65,0.802298,0.144414,part2a21_alpha_positions.csv,part2a21_alpha_eligibility.csv,artifacts_part2_g532/predictions/g532_final_consensus_tape.csv
2024-10-10,,,0,0,0.0,1,0.093022,0,FLAT,0.0,0.0,0.0,0.0,,0.019672,0.0,0.4891472083193424,0.7182538808556221,0,high_risk_veto,1,0,0.0,0.57129,0.65,0.820742,0.147734,part2a21_alpha_positions.csv,part2a21_alpha_eligibility.csv,artifacts_part2_g532/predictions/g532_final_consensus_tape.csv
2024-10-21,,,0,0,0.0,1,0.101878,0,FLAT,0.0,0.0,0.0,0.0,,0.000339,0.0,0.4488033370486556,0.5140207137134071,0,high_risk_veto,1,1,0.088338,0.502692,0.65,0.812377,0.146228,part2a21_alpha_positions.csv,part2a21_alpha_eligibility.csv,artifacts_part2_g532/predictions/g532_final_consensus_tape.csv
2024-10-30,1.0,0.000266,1,1,0.008634,1,0.116825,0,VOO,0.008634,0.008634,0.008634,9e-06,0.000275,0.031832,0.008634,0.1958767682156882,0.489892412886616,1,ok,1,0,0.0,0.627192,0.65,0.809562,0.145721,part2a21_alpha_positions.csv,part2a21_alpha_eligibility.csv,artifacts_part2_g532/predictions/g532_final_consensus_tape.csv
2024-11-08,-1.0,-5.3e-05,1,1,0.006133,1,0.07797,0,VOO,0.006133,0.006133,0.002501,3e-06,-5.1e-05,-0.008269,0.006133,0.1481647341273709,0.4297950565214037,1,ok,1,1,0.06568,0.487623,0.65,0.821055,0.14779,part2a21_alpha_positions.csv,part2a21_alpha_eligibility.csv,artifacts_part2_g532/predictions/g532_final_consensus_tape.csv
2024-11-19,,,0,0,0.0,1,0.078844,0,FLAT,0.0,0.0,0.006133,6e-06,,0.003115,0.0,0.171682503643711,0.4479380754252171,0,high_risk_veto,1,0,0.0,0.754044,0.65,0.784191,0.141154,part2a21_alpha_positions.csv,part2a21_alpha_eligibility.csv,artifacts_part2_g532/predictions/g532_final_consensus_tape.csv
2024-11-28,1.0,2.9e-05,1,1,0.007192,1,0.101726,0,VOO,0.007192,0.007192,0.007192,7e-06,3.6e-05,0.005035,0.007192,0.1801866688494354,0.4693692411562429,1,ok,1,1,0.078138,0.56919,0.65,0.801628,0.144293,part2a21_alpha_positions.csv,part2a21_alpha_eligibility.csv,artifacts_part2_g532/predictions/g532_final_consensus_tape.csv
2024-12-09,-1.0,-9.2e-05,1,1,0.009024,1,0.118444,0,VOO,0.009024,0.009024,0.001832,2e-06,-9e-05,-0.009938,0.009024,0.1739428051753266,0.4693031592965412,1,ok,1,1,0.079838,0.460037,0.65,0.823033,0.148146,part2a21_alpha_positions.csv,part2a21_alpha_eligibility.csv,artifacts_part2_g532/predictions/g532_final_consensus_tape.csv
2024-12-18,,,0,0,0.0,1,0.08705,0,FLAT,0.0,0.0,0.009024,9e-06,,0.024418,0.0,0.2034753279978008,0.5009188674582518,0,high_risk_veto,1,1,0.039807,0.915173,0.65,0.742014,0.133562,part2a21_alpha_positions.csv,part2a21_alpha_eligibility.csv,artifacts_part2_g532/predictions/g532_final_consensus_tape.csv
2024-12-27,-1.0,-0.000102,1,1,0.01159,1,0.084763,0,VOO,0.01159,0.01159,0.01159,1.2e-05,-9e-05,-0.007809,0.01159,0.1839673657318285,0.4542199093710257,1,ok,1,0,0.0,0.841608,0.65,0.766678,0.138002,part2a21_alpha_positions.csv,part2a21_alpha_eligibility.csv,artifacts_part2_g532/predictions/g532_final_consensus_tape.csv
2025-01-07,-1.0,-1.1e-05,1,1,0.013627,1,0.091089,0,VOO,0.013627,0.013627,0.002037,2e-06,-9e-06,-0.000649,0.013627,0.1794568594242506,0.4658035484832767,1,ok,1,0,0.0,0.790099,0.65,0.77698,0.139856,part2a21_alpha_positions.csv,part2a21_alpha_eligibility.csv,artifacts_part2_g532/predictions/g532_final_consensus_tape.csv
2025-01-16,1.0,6.4e-05,1,1,0.012226,1,0.098786,0,VOO,0.012226,0.012226,0.001401,1e-06,6.5e-05,0.00532,0.012226,0.2022179122355,0.4958678017351166,1,ok,1,1,0.072371,0.636676,0.65,0.789572,0.142123,part2a21_alpha_positions.csv,part2a21_alpha_eligibility.csv,artifacts_part2_g532/predictions/g532_final_consensus_tape.csv
2025-01-27,-1.0,-6e-06,1,1,0.011895,1,0.088932,0,VOO,0.011895,0.011895,0.00033,0.0,-6e-06,-0.000506,0.011895,0.2061669631466113,0.4967125388825426,1,ok,1,0,0.0,0.769214,0.65,0.781157,0.140608,part2a21_alpha_positions.csv,part2a21_alpha_eligibility.csv,artifacts_part2_g532/predictions/g532_final_consensus_tape.csv
2025-02-05,,,0,0,0.0,1,0.093116,0,FLAT,0.0,0.0,0.011895,1.2e-05,,0.011652,0.0,0.1361830770561462,0.3986236561552848,0,low_agreement,1,0,0.0,0.688438,0.65,0.797312,0.143516,part2a21_alpha_positions.csv,part2a21_alpha_eligibility.csv,artifacts_part2_g532/predictions/g532_final_consensus_tape.csv
2025-02-14,,,0,0,0.0,1,0.108235,0,FLAT,0.0,0.0,0.0,0.0,,-0.03995,0.0,0.1458894862444611,0.4122776827509994,0,low_agreement,1,0,0.0,0.685846,0.65,0.797831,0.14361,part2a21_alpha_positions.csv,part2a21_alpha_eligibility.csv,artifacts_part2_g532/predictions/g532_final_consensus_tape.csv
2025-02-25,-1.0,-0.000726,1,1,0.018527,0,0.215174,0,VOO,0.018527,0.018527,0.018527,1.9e-05,-0.000708,-0.038204,0.018527,0.1832090979699584,0.4900460322696845,1,ok,1,1,0.05244,0.832424,0.65,0.755405,0.339932,part2a21_alpha_positions.csv,part2a21_alpha_eligibility.csv,artifacts_part2_g532/predictions/g532_final_consensus_tape.csv
2025-03-06,-1.0,-0.000206,1,1,0.01944,0,0.186017,0,VOO,0.01944,0.01944,0.000914,1e-06,-0.000205,-0.010567,0.01944,0.1901770239693037,0.5005022403553344,1,ok,1,1,0.050634,0.830958,0.65,0.75615,0.340268,part2a21_alpha_positions.csv,part2a21_alpha_eligibility.csv,artifacts_part2_g532/predictions/g532_final_consensus_tape.csv
2025-03-17,,,0,0,0.0,0,0.157625,0,FLAT,0.0,0.0,0.01944,1.9e-05,,0.00742,0.0,0.2204560036158045,0.4647647367431171,0,low_agreement,1,1,0.044635,0.903337,0.65,0.743174,0.334428,part2a21_alpha_positions.csv,part2a21_alpha_eligibility.csv,artifacts_part2_g532/predictions/g532_final_consensus_tape.csv
2025-03-26,-1.0,-0.002371,1,1,0.01664,0,0.186011,0,VOO,0.01664,0.01664,0.01664,1.7e-05,-0.002354,-0.141463,0.01664,0.1737070411948709,0.4550438792074978,1,ok,1,0,0.0,0.804754,0.65,0.774049,0.348322,part2a21_alpha_positions.csv,part2a21_alpha_eligibility.csv,artifacts_part2_g532/predictions/g532_final_consensus_tape.csv
2025-04-04,,,0,0,0.0,0,0.101315,0,FLAT,0.0,0.0,0.01664,1.7e-05,,0.080704,0.0,0.2023780055239359,0.4772523720459287,0,high_risk_veto,1,1,0.025348,1.0,0.65,0.728663,0.284179,part2a21_alpha_positions.csv,part2a21_alpha_eligibility.csv,artifacts_part2_g532/predictions/g532_final_consensus_tape.csv
2025-04-15,,,0,0,0.0,0,0.075022,0,FLAT,0.0,0.0,0.0,0.0,,0.013425,0.0,0.4262824855160346,0.6240102269169951,0,high_risk_veto,1,1,0.029203,0.99829,0.65,0.728041,0.283936,part2a21_alpha_positions.csv,part2a21_alpha_eligibility.csv,artifacts_part2_g532/predictions/g532_final_consensus_tape.csv
2025-04-24,,,0,0,0.0,0,0.13694,0,FLAT,0.0,0.0,0.0,0.0,,0.030655,0.0,0.2263745422913243,0.4867910953790126,0,high_risk_veto,1,1,0.025348,1.0,0.65,0.728663,0.284179,part2a21_alpha_positions.csv,part2a21_alpha_eligibility.csv,artifacts_part2_g532/predictions/g532_final_consensus_tape.csv
2025-05-05,1.0,0.000276,1,1,0.005148,0,0.209831,0,VOO,0.005148,0.005148,0.005148,5e-06,0.000281,0.054592,0.005148,0.1769279679890493,0.4307286953488427,1,ok,1,0,0.0,0.836487,0.65,0.767703,0.345466,part2a21_alpha_positions.csv,part2a21_alpha_eligibility.csv,artifacts_part2_g532/predictions/g532_final_consensus_tape.csv
2025-05-14,,,0,0,0.0,0,0.184144,0,FLAT,0.0,0.0,0.005148,5e-06,,-0.019081,0.0,0.2540368141766231,0.8707915293872156,0,low_agreement,1,0,0.0,0.774537,0.65,0.780093,0.351042,part2a21_alpha_positions.csv,part2a21_alpha_eligibility.csv,artifacts_part2_g532/predictions/g532_final_consensus_tape.csv
2025-05-23,1.0,0.000357,1,1,0.015035,0,0.179398,0,VOO,0.015035,0.015035,0.015035,1.5e-05,0.000372,0.024744,0.015035,0.2398736982958419,0.8433815390472246,1,ok,1,1,0.049527,0.852372,0.65,0.752144,0.338465,part2a21_alpha_positions.csv,part2a21_alpha_eligibility.csv,artifacts_part2_g532/predictions/g532_final_consensus_tape.csv
2025-06-03,,,0,0,0.0,0,0.236814,0,FLAT,0.0,0.0,0.015035,1.5e-05,,0.00422,0.0,0.2348369044726373,0.8418402691274802,0,low_agreement,1,1,0.075344,0.566008,0.65,0.802962,0.361333,part2a21_alpha_positions.csv,part2a21_alpha_eligibility.csv,artifacts_part2_g532/predictions/g532_final_consensus_tape.csv
2025-06-12,,,0,0,0.0,0,0.210378,0,FLAT,0.0,0.0,0.0,0.0,,-0.005929,0.0,0.2585493184535574,0.8791706949082103,0,high_risk_veto,1,0,0.0,0.60413,0.65,0.814174,0.317528,part2a21_alpha_positions.csv,part2a21_alpha_eligibility.csv,artifacts_part2_g532/predictions/g532_final_consensus_tape.csv
2025-06-23,,,0,0,0.0,0,0.23852,0,FLAT,0.0,0.0,0.0,0.0,,0.028366,0.0,0.2302668828884424,0.7806585237452349,0,low_agreement,1,1,0.072698,0.672829,0.65,0.78226,0.352017,part2a21_alpha_positions.csv,part2a21_alpha_eligibility.csv,artifacts_part2_g532/predictions/g532_final_consensus_tape.csv
2025-07-02,,,0,0,0.0,0,0.280072,0,FLAT,0.0,0.0,0.0,0.0,,0.013255,0.0,0.2273994139051028,0.7041132882098466,0,low_agreement,1,1,0.072023,0.710923,0.65,0.77481,0.348664,part2a21_alpha_positions.csv,part2a21_alpha_eligibility.csv,artifacts_part2_g532/predictions/g532_final_consensus_tape.csv
2025-07-11,1.0,0.0,1,1,0.008204,1,0.110262,0,VOO,0.008204,0.008204,0.008204,8e-06,8e-06,0.001034,0.008204,0.2269446681435439,0.7216368734994122,1,ok,1,1,0.079406,0.642259,0.65,0.786697,0.141605,part2a21_alpha_positions.csv,part2a21_alpha_eligibility.csv,artifacts_part2_g532/predictions/g532_final_consensus_tape.csv
2025-07-22,1.0,6.5e-05,1,1,0.010528,1,0.116626,0,VOO,0.010528,0.010528,0.002324,2e-06,6.7e-05,0.006351,0.010528,0.2330172437893523,0.8094763144664864,1,ok,1,1,0.062792,0.756186,0.65,0.768065,0.138252,part2a21_alpha_positions.csv,part2a21_alpha_eligibility.csv,artifacts_part2_g532/predictions/g532_final_consensus_tape.csv
2025-07-31,-1.0,-2.7e-05,1,1,0.010441,1,0.105589,0,VOO,0.010441,0.010441,8.6e-05,0.0,-2.7e-05,-0.002581,0.010441,0.2403462805628106,0.8422580905902898,1,ok,1,0,0.0,0.689705,0.65,0.797059,0.143471,part2a21_alpha_positions.csv,part2a21_alpha_eligibility.csv,artifacts_part2_g532/predictions/g532_final_consensus_tape.csv
2025-08-11,,,0,0,0.0,1,0.082658,0,FLAT,0.0,0.0,0.010441,1e-05,,0.002332,0.0,0.2639947056158217,0.9061671727865316,0,high_risk_veto,1,0,0.0,0.658763,0.65,0.803247,0.144585,part2a21_alpha_positions.csv,part2a21_alpha_eligibility.csv,artifacts_part2_g532/predictions/g532_final_consensus_tape.csv
2025-08-20,1.0,3.1e-05,1,1,0.009072,1,0.100363,0,VOO,0.009072,0.009072,0.009072,9e-06,4e-05,0.004446,0.009072,0.2293092551228618,0.7653732859297966,1,ok,1,1,0.058892,0.785986,0.65,0.76308,0.137354,part2a21_alpha_positions.csv,part2a21_alpha_eligibility.csv,artifacts_part2_g532/predictions/g532_final_consensus_tape.csv
2025-08-29,-1.0,-2.2e-05,1,1,0.009411,1,0.103549,0,VOO,0.009411,0.009411,0.000339,0.0,-2.2e-05,-0.002347,0.009411,0.2198696886028616,0.6846761791989534,1,ok,1,1,0.046479,0.872657,0.65,0.748849,0.134793,part2a21_alpha_positions.csv,part2a21_alpha_eligibility.csv,artifacts_part2_g532/predictions/g532_final_consensus_tape.csv
2025-09-09,,,0,0,0.0,1,0.11389,0,FLAT,0.0,0.0,0.009411,9e-06,,0.020073,0.0,0.2436407070311817,0.8400196967968241,0,high_risk_veto,1,1,0.077961,0.621193,0.65,0.791271,0.142429,part2a21_alpha_positions.csv,part2a21_alpha_eligibility.csv,artifacts_part2_g532/predictions/g532_final_consensus_tape.csv
2025-09-18,,,0,0,0.0,1,0.108802,0,FLAT,0.0,0.0,0.0,0.0,,0.006568,0.0,0.2309667843215,0.7959267439526968,0,low_agreement,1,1,0.070152,0.695476,0.65,0.778367,0.140106,part2a21_alpha_positions.csv,part2a21_alpha_eligibility.csv,artifacts_part2_g532/predictions/g532_final_consensus_tape.csv
2025-09-29,,,0,0,0.0,1,0.109596,0,FLAT,0.0,0.0,0.0,0.0,,0.012253,0.0,0.2259430157689422,0.757256618433682,0,low_agreement,1,1,0.081361,0.54958,0.65,0.804744,0.144854,part2a21_alpha_positions.csv,part2a21_alpha_eligibility.csv,artifacts_part2_g532/predictions/g532_final_consensus_tape.csv
2025-10-08,,,0,0,0.0,0,0.284807,0,FLAT,0.0,0.0,0.0,0.0,,-0.023454,0.0,0.2437373729412762,0.86220365457682,0,low_agreement,1,1,0.079244,0.588305,0.65,0.797528,0.358888,part2a21_alpha_positions.csv,part2a21_alpha_eligibility.csv,artifacts_part2_g532/predictions/g532_final_consensus_tape.csv
2025-10-17,,,0,0,0.0,0,0.166938,0,FLAT,0.0,0.0,0.0,0.0,,0.031746,0.0,0.2411230675065159,0.8517598437904143,0,high_risk_veto,1,0,0.0,0.702565,0.65,0.794487,0.30985,part2a21_alpha_positions.csv,part2a21_alpha_eligibility.csv,artifacts_part2_g532/predictions/g532_final_consensus_tape.csv
2025-10-28,,,0,0,0.0,0,0.218106,0,FLAT,0.0,0.0,0.0,0.0,,-0.01833,0.0,0.261448181144558,0.8945651912374851,0,high_risk_veto,1,0,0.0,0.567648,0.65,0.82147,0.320373,part2a21_alpha_positions.csv,part2a21_alpha_eligibility.csv,artifacts_part2_g532/predictions/g532_final_consensus_tape.csv
2025-11-06,-1.0,-0.000113,1,1,0.016667,0,0.208479,0,VOO,0.016667,0.016667,0.016667,1.7e-05,-9.7e-05,-0.005804,0.016667,0.2287103246600921,0.7502166141413028,1,ok,1,1,0.042219,0.903856,0.65,0.743674,0.334653,part2a21_alpha_positions.csv,part2a21_alpha_eligibility.csv,artifacts_part2_g532/predictions/g532_final_consensus_tape.csv
2025-11-17,,,0,0,0.0,0,0.17364,0,FLAT,0.0,0.0,0.016667,1.7e-05,,0.009341,0.0,0.2183447141589325,0.67289119700452,0,high_risk_veto,1,1,0.038373,0.924006,0.65,0.740606,0.288836,part2a21_alpha_positions.csv,part2a21_alpha_eligibility.csv,artifacts_part2_g532/predictions/g532_final_consensus_tape.csv
2025-11-26,,,0,0,0.0,0,0.203012,0,FLAT,0.0,0.0,0.0,0.0,,0.018214,0.0,0.1620040870766732,0.5731829272144474,0,low_agreement,1,1,0.13819,0.730983,0.65,0.754256,0.339415,part2a21_alpha_positions.csv,part2a21_alpha_eligibility.csv,artifacts_part2_g532/predictions/g532_final_consensus_tape.csv
2025-12-05,,,0,0,0.0,0,0.241348,0,FLAT,0.0,0.0,0.0,0.0,,-0.01072,0.0,0.1052277746226105,0.4379635601018916,0,high_risk_veto,1,1,0.171424,0.569059,0.65,0.778332,0.30355,part2a21_alpha_positions.csv,part2a21_alpha_eligibility.csv,artifacts_part2_g532/predictions/g532_final_consensus_tape.csv
2025-12-16,,,0,0,0.0,0,0.248528,0,FLAT,0.0,0.0,0.0,0.0,,0.018348,0.0,0.1469789792470135,0.5237469048075922,0,high_risk_veto,1,1,0.15892,0.455693,0.65,0.804132,0.313611,part2a21_alpha_positions.csv,part2a21_alpha_eligibility.csv,artifacts_part2_g532/predictions/g532_final_consensus_tape.csv
2025-12-25,,,0,0,0.0,0,0.213736,0,FLAT,0.0,0.0,0.0,0.0,,-0.003869,0.0,0.1790960071366125,0.6311487454562794,0,high_risk_veto,1,1,0.164531,0.501153,0.65,0.793637,0.309518,part2a21_alpha_positions.csv,part2a21_alpha_eligibility.csv,artifacts_part2_g532/predictions/g532_final_consensus_tape.csv
2026-01-05,,,0,0,0.0,0,0.25818,0,FLAT,0.0,0.0,0.0,0.0,,0.002565,0.0,0.1597368224716737,0.568918307304847,0,high_risk_veto,1,1,0.159938,0.509809,0.65,0.793054,0.309291,part2a21_alpha_positions.csv,part2a21_alpha_eligibility.csv,artifacts_part2_g532/predictions/g532_final_consensus_tape.csv
2026-01-14,,,0,0,0.0,0,0.232312,0,FLAT,0.0,0.0,0.0,0.0,,0.003966,0.0,0.1697761227782783,0.5886179434656437,0,high_risk_veto,1,1,0.139445,0.658116,0.65,0.768516,0.299721,part2a21_alpha_positions.csv,part2a21_alpha_eligibility.csv,artifacts_part2_g532/predictions/g532_final_consensus_tape.csv
2026-01-23,,,0,0,0.0,0,0.202945,0,FLAT,0.0,0.0,0.0,0.0,,0.001634,0.0,0.1250199727826519,0.5225302051526617,0,high_risk_veto,1,1,0.154533,0.674695,0.65,0.761428,0.296957,part2a21_alpha_positions.csv,part2a21_alpha_eligibility.csv,artifacts_part2_g532/predictions/g532_final_consensus_tape.csv
2026-02-03,,,0,0,0.0,0,0.217406,0,FLAT,0.0,0.0,0.0,0.0,,-0.025669,0.0,0.1015216258605683,0.4697402632793732,0,high_risk_veto,1,1,0.140087,0.706426,0.65,0.758693,0.29589,part2a21_alpha_positions.csv,part2a21_alpha_eligibility.csv,artifacts_part2_g532/predictions/g532_final_consensus_tape.csv
2026-02-12,-1.0,-0.000109,1,1,0.020026,0,0.185719,0,VOO,0.020026,0.020026,0.020026,2e-05,-8.9e-05,-0.004462,0.020026,0.1414790143421654,0.5758199606898823,1,ok,1,1,0.139386,0.8365,0.65,0.732853,0.329784,part2a21_alpha_positions.csv,part2a21_alpha_eligibility.csv,artifacts_part2_g532/predictions/g532_final_consensus_tape.csv
2026-02-23,1.0,0.000179,1,1,0.023942,0,0.215843,0,VOO,0.023942,0.023942,0.003917,4e-06,0.000183,0.007649,0.023942,0.1650685793124494,0.6142138942992627,1,ok,1,1,0.138165,0.712177,0.65,0.758023,0.341111,part2a21_alpha_positions.csv,part2a21_alpha_eligibility.csv,artifacts_part2_g532/predictions/g532_final_consensus_tape.csv
2026-03-04,,,0,0,0.0,0,0.185678,0,FLAT,0.0,0.0,0.023942,2.4e-05,,-0.021357,0.0,0.1299200952946149,0.5177174941380684,0,high_risk_veto,1,1,0.127626,0.78455,0.65,0.746183,0.291012,part2a21_alpha_positions.csv,part2a21_alpha_eligibility.csv,artifacts_part2_g532/predictions/g532_final_consensus_tape.csv
2026-03-13,,,0,0,0.0,0,0.214092,0,FLAT,0.0,0.0,0.0,0.0,,-0.003412,0.0,0.1590900475765717,0.5946029119245236,0,high_risk_veto,1,1,0.127012,0.40818,0.65,0.821611,0.320428,part2a21_alpha_positions.csv,part2a21_alpha_eligibility.csv,artifacts_part2_g532/predictions/g532_final_consensus_tape.csv
2026-03-24,,,0,0,0.0,0,0.206287,0,FLAT,0.0,0.0,0.0,0.0,,-0.003371,0.0,0.1474378372790812,0.5103533488861027,0,high_risk_veto,1,1,0.122204,0.804173,0.65,0.743614,0.29001,part2a21_alpha_positions.csv,part2a21_alpha_eligibility.csv,artifacts_part2_g532/predictions/g532_final_consensus_tape.csv
2026-04-02,,,0,0,0.0,0,0.159129,0,FLAT,0.0,0.0,0.0,0.0,,,0.0,0.15807735796509,0.5457793540998391,0,high_risk_veto,0,1,0.119486,0.886395,0.65,0.72785,0.283861,part2a21_alpha_positions.csv,part2a21_alpha_eligibility.csv,artifacts_part2_g532/predictions/g532_final_consensus_tape.csv
2026-04-09,,,0,0,0.0,0,0.151567,1,FLAT,0.0,0.0,0.0,0.0,,,0.0,0.1505782262395173,0.5891706508799964,0,high_risk_veto,0,1,0.123578,0.911812,0.65,0.721743,0.28148,part2a21_alpha_positions.csv,part2a21_alpha_eligibility.csv,artifacts_part2_g532/predictions/g532_final_consensus_tape.csv
