Date,Ticker,weight,alpha_state,alpha_state_display,fusion_live,budget_mult,source_alpha_date,alpha_quality_ok,alpha_drift_ok,alpha_trial_gate_open,alpha_fused_gate_open,alpha_promotion_ready,alpha_blocker_text,part3_version,run_utc
2020-01-02,IEF_CORE,0.4319810084934079,SHADOW,SHADOW,0,0.0,2020-01-02,0,1,0,0,0,insufficient_history_for_candidate:1<26; rank_ic_not_positive:-0.1927591363751266; topk_net_not_positive:-0.0003278335162171; ir_not_positive:nan,V1,2026-03-15T23:24:06Z
2020-01-02,VOO_CORE,0.5680189915065921,SHADOW,SHADOW,0,0.0,2020-01-02,0,1,0,0,0,insufficient_history_for_candidate:1<26; rank_ic_not_positive:-0.1927591363751266; topk_net_not_positive:-0.0003278335162171; ir_not_positive:nan,V1,2026-03-15T23:24:06Z
2020-01-13,IEF_CORE,0.4319810084934079,SHADOW,SHADOW,0,0.0,2020-01-13,0,1,0,0,0,insufficient_history_for_candidate:8<26,V1,2026-03-15T23:24:06Z
2020-01-13,VOO_CORE,0.5680189915065921,SHADOW,SHADOW,0,0.0,2020-01-13,0,1,0,0,0,insufficient_history_for_candidate:8<26,V1,2026-03-15T23:24:06Z
2020-01-23,IEF_CORE,0.4319810084934079,SHADOW,SHADOW,0,0.0,2020-01-23,0,1,0,0,0,insufficient_history_for_candidate:15<26; topk_net_not_positive:-0.0001592854807830396; ir_not_positive:-1.461530434256272,V1,2026-03-15T23:24:06Z
2020-01-23,VOO_CORE,0.5680189915065921,SHADOW,SHADOW,0,0.0,2020-01-23,0,1,0,0,0,insufficient_history_for_candidate:15<26; topk_net_not_positive:-0.0001592854807830396; ir_not_positive:-1.461530434256272,V1,2026-03-15T23:24:06Z
2020-02-03,IEF_CORE,0.4319810084934079,SHADOW,SHADOW,0,0.0,2020-02-03,0,1,0,0,0,insufficient_history_for_candidate:22<26; topk_net_not_positive:-4.6880914020973944e-05; ir_not_positive:-0.3608385104929694,V1,2026-03-15T23:24:06Z
2020-02-03,VOO_CORE,0.5680189915065921,SHADOW,SHADOW,0,0.0,2020-02-03,0,1,0,0,0,insufficient_history_for_candidate:22<26; topk_net_not_positive:-4.6880914020973944e-05; ir_not_positive:-0.3608385104929694,V1,2026-03-15T23:24:06Z
2020-02-12,IEF_CORE,0.4319810084934079,ELIGIBLE,CANDIDATE,0,0.0,2020-02-12,1,1,0,0,0,NONE,V1,2026-03-15T23:24:06Z
2020-02-12,VOO_CORE,0.5680189915065921,ELIGIBLE,CANDIDATE,0,0.0,2020-02-12,1,1,0,0,0,NONE,V1,2026-03-15T23:24:06Z
2020-02-24,IEF_CORE,0.4,ELIGIBLE,CANDIDATE,0,0.0,2020-02-24,0,1,0,0,0,topk_net_not_positive:-3.8098153162990734e-05; ir_not_positive:-0.26673699596223877,V1,2026-03-15T23:24:06Z
2020-02-24,VOO_CORE,0.6,ELIGIBLE,CANDIDATE,0,0.0,2020-02-24,0,1,0,0,0,topk_net_not_positive:-3.8098153162990734e-05; ir_not_positive:-0.26673699596223877,V1,2026-03-15T23:24:06Z
2020-03-04,IEF_CORE,0.4,ELIGIBLE,CANDIDATE,0,0.0,2020-03-04,1,1,0,0,0,NONE,V1,2026-03-15T23:24:06Z
2020-03-04,VOO_CORE,0.6,ELIGIBLE,CANDIDATE,0,0.0,2020-03-04,1,1,0,0,0,NONE,V1,2026-03-15T23:24:06Z
2020-03-13,IEF_CORE,0.4,ELIGIBLE,CANDIDATE,0,0.0,2020-03-13,0,1,0,0,0,topk_net_not_positive:-8.362234962282187e-06; ir_not_positive:-0.047790330297992435,V1,2026-03-15T23:24:06Z
2020-03-13,VOO_CORE,0.6,ELIGIBLE,CANDIDATE,0,0.0,2020-03-13,0,1,0,0,0,topk_net_not_positive:-8.362234962282187e-06; ir_not_positive:-0.047790330297992435,V1,2026-03-15T23:24:06Z
2020-03-24,IEF_CORE,0.4,ELIGIBLE,CANDIDATE,0,0.0,,0,1,0,0,0,topk_net_not_positive:-8.362234962282187e-06; ir_not_positive:-0.047790330297992435,V1,2026-03-15T23:24:06Z
2020-03-24,VOO_CORE,0.6,ELIGIBLE,CANDIDATE,0,0.0,,0,1,0,0,0,topk_net_not_positive:-8.362234962282187e-06; ir_not_positive:-0.047790330297992435,V1,2026-03-15T23:24:06Z
2020-04-02,IEF_CORE,0.7,LIVE_TRIAL,LIVE_TRIAL,1,0.5,,1,1,1,0,1,NONE,V1,2026-03-15T23:24:06Z
2020-04-02,VOO_CORE,0.3,LIVE_TRIAL,LIVE_TRIAL,1,0.5,,1,1,1,0,1,NONE,V1,2026-03-15T23:24:06Z
2020-04-14,IEF_CORE,0.7,LIVE_TRIAL,LIVE_TRIAL,1,0.5,,1,1,1,0,1,NONE,V1,2026-03-15T23:24:06Z
2020-04-14,VOO_CORE,0.3,LIVE_TRIAL,LIVE_TRIAL,1,0.5,,1,1,1,0,1,NONE,V1,2026-03-15T23:24:06Z
2020-04-23,IEF_CORE,0.7,LIVE_TRIAL,LIVE_TRIAL,1,0.5,,1,1,1,0,1,NONE,V1,2026-03-15T23:24:06Z
2020-04-23,VOO_CORE,0.3,LIVE_TRIAL,LIVE_TRIAL,1,0.5,,1,1,1,0,1,NONE,V1,2026-03-15T23:24:06Z
2020-05-04,IEF_CORE,0.5131067935326157,LIVE_TRIAL,LIVE_TRIAL,1,0.5,2020-05-04,1,1,1,0,1,NONE,V1,2026-03-15T23:24:06Z
2020-05-04,SMH,0.02,LIVE_TRIAL,LIVE_TRIAL,1,0.5,2020-05-04,1,1,1,0,1,NONE,V1,2026-03-15T23:24:06Z
2020-05-04,VOO_CORE,0.46689320646738436,LIVE_TRIAL,LIVE_TRIAL,1,0.5,2020-05-04,1,1,1,0,1,NONE,V1,2026-03-15T23:24:06Z
2020-05-13,IEF_CORE,0.4,LIVE_TRIAL,LIVE_TRIAL,1,0.5,,1,1,1,0,1,NONE,V1,2026-03-15T23:24:06Z
2020-05-13,VOO_CORE,0.6,LIVE_TRIAL,LIVE_TRIAL,1,0.5,,1,1,1,0,1,NONE,V1,2026-03-15T23:24:06Z
2020-05-22,IEF_CORE,0.4,LIVE_TRIAL,LIVE_TRIAL,1,0.5,,1,1,1,0,1,NONE,V1,2026-03-15T23:24:06Z
2020-05-22,VOO_CORE,0.6,LIVE_TRIAL,LIVE_TRIAL,1,0.5,,1,1,1,0,1,NONE,V1,2026-03-15T23:24:06Z
2020-06-03,IEF_CORE,0.4842637397806605,LIVE_TRIAL,LIVE_TRIAL,1,0.5,,1,1,1,0,1,NONE,V1,2026-03-15T23:24:06Z
2020-06-03,VOO_CORE,0.5157362602193395,LIVE_TRIAL,LIVE_TRIAL,1,0.5,,1,1,1,0,1,NONE,V1,2026-03-15T23:24:06Z
2020-06-12,IEF_CORE,0.4842637397806605,LIVE_TRIAL,LIVE_TRIAL,1,0.5,2020-06-12,1,1,1,0,1,NONE,V1,2026-03-15T23:24:06Z
2020-06-12,SMH,0.02,LIVE_TRIAL,LIVE_TRIAL,1,0.5,2020-06-12,1,1,1,0,1,NONE,V1,2026-03-15T23:24:06Z
2020-06-12,VOO_CORE,0.4957362602193395,LIVE_TRIAL,LIVE_TRIAL,1,0.5,2020-06-12,1,1,1,0,1,NONE,V1,2026-03-15T23:24:06Z
2020-06-23,IEF_CORE,0.4842637397806605,LIVE_TRIAL,LIVE_TRIAL,1,0.5,2020-06-23,1,1,1,0,1,NONE,V1,2026-03-15T23:24:06Z
2020-06-23,SMH,0.02,LIVE_TRIAL,LIVE_TRIAL,1,0.5,2020-06-23,1,1,1,0,1,NONE,V1,2026-03-15T23:24:06Z
2020-06-23,VOO_CORE,0.4957362602193395,LIVE_TRIAL,LIVE_TRIAL,1,0.5,2020-06-23,1,1,1,0,1,NONE,V1,2026-03-15T23:24:06Z
2020-07-02,IEF_CORE,0.4,LIVE_TRIAL,LIVE_TRIAL,1,0.5,2020-07-02,1,1,1,0,1,NONE,V1,2026-03-15T23:24:06Z
2020-07-02,SMH,0.02,LIVE_TRIAL,LIVE_TRIAL,1,0.5,2020-07-02,1,1,1,0,1,NONE,V1,2026-03-15T23:24:06Z
2020-07-02,VOO_CORE,0.58,LIVE_TRIAL,LIVE_TRIAL,1,0.5,2020-07-02,1,1,1,0,1,NONE,V1,2026-03-15T23:24:06Z
2020-07-14,IEF_CORE,0.4,LIVE_FUSED,LIVE_FUSED,1,1.0,2020-07-14,1,1,1,1,1,NONE,V1,2026-03-15T23:24:06Z
2020-07-14,SMH,0.04,LIVE_FUSED,LIVE_FUSED,1,1.0,2020-07-14,1,1,1,1,1,NONE,V1,2026-03-15T23:24:06Z
2020-07-14,VOO_CORE,0.5599999999999999,LIVE_FUSED,LIVE_FUSED,1,1.0,2020-07-14,1,1,1,1,1,NONE,V1,2026-03-15T23:24:06Z
2020-07-23,IEF_CORE,0.45630223711545415,LIVE_FUSED,LIVE_FUSED,1,1.0,2020-07-23,1,1,1,1,1,NONE,V1,2026-03-15T23:24:06Z
2020-07-23,SMH,0.04,LIVE_FUSED,LIVE_FUSED,1,1.0,2020-07-23,1,1,1,1,1,NONE,V1,2026-03-15T23:24:06Z
2020-07-23,VOO_CORE,0.5036977628845458,LIVE_FUSED,LIVE_FUSED,1,1.0,2020-07-23,1,1,1,1,1,NONE,V1,2026-03-15T23:24:06Z
2020-08-03,IEF_CORE,0.45630223711545415,LIVE_FUSED,LIVE_FUSED,1,1.0,2020-08-03,1,1,1,1,1,NONE,V1,2026-03-15T23:24:06Z
2020-08-03,SMH,0.04,LIVE_FUSED,LIVE_FUSED,1,1.0,2020-08-03,1,1,1,1,1,NONE,V1,2026-03-15T23:24:06Z
2020-08-03,VOO_CORE,0.5036977628845458,LIVE_FUSED,LIVE_FUSED,1,1.0,2020-08-03,1,1,1,1,1,NONE,V1,2026-03-15T23:24:06Z
2020-08-12,IEF_CORE,0.45630223711545415,LIVE_FUSED,LIVE_FUSED,1,1.0,2020-08-12,1,1,1,1,1,NONE,V1,2026-03-15T23:24:06Z
2020-08-12,SMH,0.04,LIVE_FUSED,LIVE_FUSED,1,1.0,2020-08-12,1,1,1,1,1,NONE,V1,2026-03-15T23:24:06Z
2020-08-12,VOO_CORE,0.5036977628845458,LIVE_FUSED,LIVE_FUSED,1,1.0,2020-08-12,1,1,1,1,1,NONE,V1,2026-03-15T23:24:06Z
2020-08-21,IEF_CORE,0.45630223711545415,LIVE_FUSED,LIVE_FUSED,1,1.0,2020-08-21,1,1,1,1,1,NONE,V1,2026-03-15T23:24:06Z
2020-08-21,SMH,0.04,LIVE_FUSED,LIVE_FUSED,1,1.0,2020-08-21,1,1,1,1,1,NONE,V1,2026-03-15T23:24:06Z
2020-08-21,VOO_CORE,0.5036977628845458,LIVE_FUSED,LIVE_FUSED,1,1.0,2020-08-21,1,1,1,1,1,NONE,V1,2026-03-15T23:24:06Z
2020-09-01,IEF_CORE,0.45630223711545415,LIVE_FUSED,LIVE_FUSED,1,1.0,2020-09-01,1,1,1,1,1,NONE,V1,2026-03-15T23:24:06Z
2020-09-01,SMH,0.04,LIVE_FUSED,LIVE_FUSED,1,1.0,2020-09-01,1,1,1,1,1,NONE,V1,2026-03-15T23:24:06Z
2020-09-01,VOO_CORE,0.5036977628845458,LIVE_FUSED,LIVE_FUSED,1,1.0,2020-09-01,1,1,1,1,1,NONE,V1,2026-03-15T23:24:06Z
2020-09-11,IEF_CORE,0.4,LIVE_FUSED,LIVE_FUSED,1,1.0,2020-09-11,1,1,1,1,1,NONE,V1,2026-03-15T23:24:06Z
2020-09-11,SMH,0.04,LIVE_FUSED,LIVE_FUSED,1,1.0,2020-09-11,1,1,1,1,1,NONE,V1,2026-03-15T23:24:06Z
2020-09-11,VOO_CORE,0.5599999999999999,LIVE_FUSED,LIVE_FUSED,1,1.0,2020-09-11,1,1,1,1,1,NONE,V1,2026-03-15T23:24:06Z
2020-09-22,IEF_CORE,0.4,LIVE_FUSED,LIVE_FUSED,1,1.0,2020-09-22,1,1,1,1,1,NONE,V1,2026-03-15T23:24:06Z
2020-09-22,SMH,0.04,LIVE_FUSED,LIVE_FUSED,1,1.0,2020-09-22,1,1,1,1,1,NONE,V1,2026-03-15T23:24:06Z
2020-09-22,VOO_CORE,0.5599999999999999,LIVE_FUSED,LIVE_FUSED,1,1.0,2020-09-22,1,1,1,1,1,NONE,V1,2026-03-15T23:24:06Z
2020-10-01,IEF_CORE,0.4,LIVE_FUSED,LIVE_FUSED,1,1.0,2020-10-01,1,1,1,1,1,NONE,V1,2026-03-15T23:24:06Z
2020-10-01,SMH,0.04,LIVE_FUSED,LIVE_FUSED,1,1.0,2020-10-01,1,1,1,1,1,NONE,V1,2026-03-15T23:24:06Z
2020-10-01,VOO_CORE,0.5599999999999999,LIVE_FUSED,LIVE_FUSED,1,1.0,2020-10-01,1,1,1,1,1,NONE,V1,2026-03-15T23:24:06Z
2020-10-12,IEF_CORE,0.4,LIVE_FUSED,LIVE_FUSED,1,1.0,2020-10-12,1,1,1,1,1,NONE,V1,2026-03-15T23:24:06Z
2020-10-12,SMH,0.04,LIVE_FUSED,LIVE_FUSED,1,1.0,2020-10-12,1,1,1,1,1,NONE,V1,2026-03-15T23:24:06Z
2020-10-12,VOO_CORE,0.5599999999999999,LIVE_FUSED,LIVE_FUSED,1,1.0,2020-10-12,1,1,1,1,1,NONE,V1,2026-03-15T23:24:06Z
2020-10-21,IEF_CORE,0.5412937222987739,LIVE_FUSED,LIVE_FUSED,1,1.0,2020-10-21,1,1,1,1,1,NONE,V1,2026-03-15T23:24:06Z
2020-10-21,SMH,0.04,LIVE_FUSED,LIVE_FUSED,1,1.0,2020-10-21,1,1,1,1,1,NONE,V1,2026-03-15T23:24:06Z
2020-10-21,VOO_CORE,0.4187062777012261,LIVE_FUSED,LIVE_FUSED,1,1.0,2020-10-21,1,1,1,1,1,NONE,V1,2026-03-15T23:24:06Z
2020-10-30,IEF_CORE,0.4,LIVE_FUSED,LIVE_FUSED,1,1.0,2020-10-30,1,1,1,1,1,NONE,V1,2026-03-15T23:24:06Z
2020-10-30,SMH,0.04,LIVE_FUSED,LIVE_FUSED,1,1.0,2020-10-30,1,1,1,1,1,NONE,V1,2026-03-15T23:24:06Z
2020-10-30,VOO_CORE,0.5599999999999999,LIVE_FUSED,LIVE_FUSED,1,1.0,2020-10-30,1,1,1,1,1,NONE,V1,2026-03-15T23:24:06Z
2020-11-10,IEF_CORE,0.4,LIVE_FUSED,LIVE_FUSED,1,1.0,2020-11-10,1,1,1,1,1,NONE,V1,2026-03-15T23:24:06Z
2020-11-10,SMH,0.04,LIVE_FUSED,LIVE_FUSED,1,1.0,2020-11-10,1,1,1,1,1,NONE,V1,2026-03-15T23:24:06Z
2020-11-10,VOO_CORE,0.5599999999999999,LIVE_FUSED,LIVE_FUSED,1,1.0,2020-11-10,1,1,1,1,1,NONE,V1,2026-03-15T23:24:06Z
2020-11-19,IEF_CORE,0.5925400080288434,LIVE_FUSED,LIVE_FUSED,1,1.0,2020-11-19,1,1,1,1,1,NONE,V1,2026-03-15T23:24:06Z
2020-11-19,SMH,0.04,LIVE_FUSED,LIVE_FUSED,1,1.0,2020-11-19,1,1,1,1,1,NONE,V1,2026-03-15T23:24:06Z
2020-11-19,VOO_CORE,0.36745999197115653,LIVE_FUSED,LIVE_FUSED,1,1.0,2020-11-19,1,1,1,1,1,NONE,V1,2026-03-15T23:24:06Z
2020-12-01,IEF_CORE,0.5925400080288434,LIVE_FUSED,LIVE_FUSED,1,1.0,2020-12-01,1,1,1,1,1,NONE,V1,2026-03-15T23:24:06Z
2020-12-01,SMH,0.04,LIVE_FUSED,LIVE_FUSED,1,1.0,2020-12-01,1,1,1,1,1,NONE,V1,2026-03-15T23:24:06Z
2020-12-01,VOO_CORE,0.36745999197115653,LIVE_FUSED,LIVE_FUSED,1,1.0,2020-12-01,1,1,1,1,1,NONE,V1,2026-03-15T23:24:06Z
2020-12-10,IEF_CORE,0.5925400080288434,LIVE_FUSED,LIVE_FUSED,1,1.0,2020-12-10,1,1,1,1,1,NONE,V1,2026-03-15T23:24:06Z
2020-12-10,SMH,0.04,LIVE_FUSED,LIVE_FUSED,1,1.0,2020-12-10,1,1,1,1,1,NONE,V1,2026-03-15T23:24:06Z
2020-12-10,VOO_CORE,0.36745999197115653,LIVE_FUSED,LIVE_FUSED,1,1.0,2020-12-10,1,1,1,1,1,NONE,V1,2026-03-15T23:24:06Z
2020-12-21,IEF_CORE,0.45637167461100225,LIVE_FUSED,LIVE_FUSED,1,1.0,2020-12-21,1,1,1,1,1,NONE,V1,2026-03-15T23:24:06Z
2020-12-21,SMH,0.04,LIVE_FUSED,LIVE_FUSED,1,1.0,2020-12-21,1,1,1,1,1,NONE,V1,2026-03-15T23:24:06Z
2020-12-21,VOO_CORE,0.5036283253889977,LIVE_FUSED,LIVE_FUSED,1,1.0,2020-12-21,1,1,1,1,1,NONE,V1,2026-03-15T23:24:06Z
2020-12-31,IEF_CORE,0.45637167461100225,LIVE_FUSED,LIVE_FUSED,1,1.0,2020-12-31,1,1,1,1,1,NONE,V1,2026-03-15T23:24:06Z
2020-12-31,SMH,0.04,LIVE_FUSED,LIVE_FUSED,1,1.0,2020-12-31,1,1,1,1,1,NONE,V1,2026-03-15T23:24:06Z
2020-12-31,VOO_CORE,0.5036283253889977,LIVE_FUSED,LIVE_FUSED,1,1.0,2020-12-31,1,1,1,1,1,NONE,V1,2026-03-15T23:24:06Z
2021-01-12,IEF_CORE,0.45637167461100225,LIVE_FUSED,LIVE_FUSED,1,1.0,2021-01-12,1,1,1,1,1,NONE,V1,2026-03-15T23:24:06Z
2021-01-12,SMH,0.04,LIVE_FUSED,LIVE_FUSED,1,1.0,2021-01-12,1,1,1,1,1,NONE,V1,2026-03-15T23:24:06Z
2021-01-12,VOO_CORE,0.5036283253889977,LIVE_FUSED,LIVE_FUSED,1,1.0,2021-01-12,1,1,1,1,1,NONE,V1,2026-03-15T23:24:06Z
2021-01-22,IEF_CORE,0.4,LIVE_FUSED,LIVE_FUSED,1,1.0,2021-01-22,1,1,1,1,1,NONE,V1,2026-03-15T23:24:06Z
2021-01-22,SMH,0.04,LIVE_FUSED,LIVE_FUSED,1,1.0,2021-01-22,1,1,1,1,1,NONE,V1,2026-03-15T23:24:06Z
2021-01-22,VOO_CORE,0.5599999999999999,LIVE_FUSED,LIVE_FUSED,1,1.0,2021-01-22,1,1,1,1,1,NONE,V1,2026-03-15T23:24:06Z
2021-02-02,IEF_CORE,0.44246616280913054,LIVE_FUSED,LIVE_FUSED,1,1.0,2021-02-02,1,1,1,1,1,NONE,V1,2026-03-15T23:24:06Z
2021-02-02,SMH,0.04,LIVE_FUSED,LIVE_FUSED,1,1.0,2021-02-02,1,1,1,1,1,NONE,V1,2026-03-15T23:24:06Z
2021-02-02,VOO_CORE,0.5175338371908694,LIVE_FUSED,LIVE_FUSED,1,1.0,2021-02-02,1,1,1,1,1,NONE,V1,2026-03-15T23:24:06Z
2021-02-11,IEF_CORE,0.44246616280913054,LIVE_FUSED,LIVE_FUSED,1,1.0,2021-02-11,1,1,1,1,1,NONE,V1,2026-03-15T23:24:06Z
2021-02-11,SMH,0.04,LIVE_FUSED,LIVE_FUSED,1,1.0,2021-02-11,1,1,1,1,1,NONE,V1,2026-03-15T23:24:06Z
2021-02-11,VOO_CORE,0.5175338371908694,LIVE_FUSED,LIVE_FUSED,1,1.0,2021-02-11,1,1,1,1,1,NONE,V1,2026-03-15T23:24:06Z
2021-02-23,IEF_CORE,0.44246616280913054,LIVE_FUSED,LIVE_FUSED,1,1.0,2021-02-23,1,1,1,1,1,NONE,V1,2026-03-15T23:24:06Z
2021-02-23,SMH,0.04,LIVE_FUSED,LIVE_FUSED,1,1.0,2021-02-23,1,1,1,1,1,NONE,V1,2026-03-15T23:24:06Z
2021-02-23,VOO_CORE,0.5175338371908694,LIVE_FUSED,LIVE_FUSED,1,1.0,2021-02-23,1,1,1,1,1,NONE,V1,2026-03-15T23:24:06Z
2021-03-04,IEF_CORE,0.44246616280913054,LIVE_FUSED,LIVE_FUSED,1,1.0,2021-03-04,1,1,1,1,1,NONE,V1,2026-03-15T23:24:06Z
2021-03-04,SMH,0.04,LIVE_FUSED,LIVE_FUSED,1,1.0,2021-03-04,1,1,1,1,1,NONE,V1,2026-03-15T23:24:06Z
2021-03-04,VOO_CORE,0.5175338371908694,LIVE_FUSED,LIVE_FUSED,1,1.0,2021-03-04,1,1,1,1,1,NONE,V1,2026-03-15T23:24:06Z
2021-03-15,IEF_CORE,0.44246616280913054,LIVE_FUSED,LIVE_FUSED,1,1.0,2021-03-15,1,1,1,1,1,NONE,V1,2026-03-15T23:24:06Z
2021-03-15,SMH,0.04,LIVE_FUSED,LIVE_FUSED,1,1.0,2021-03-15,1,1,1,1,1,NONE,V1,2026-03-15T23:24:06Z
2021-03-15,VOO_CORE,0.5175338371908694,LIVE_FUSED,LIVE_FUSED,1,1.0,2021-03-15,1,1,1,1,1,NONE,V1,2026-03-15T23:24:06Z
2021-03-24,IEF_CORE,0.44246616280913054,LIVE_FUSED,LIVE_FUSED,1,1.0,2021-03-24,1,1,1,1,1,NONE,V1,2026-03-15T23:24:06Z
2021-03-24,SMH,0.04,LIVE_FUSED,LIVE_FUSED,1,1.0,2021-03-24,1,1,1,1,1,NONE,V1,2026-03-15T23:24:06Z
2021-03-24,VOO_CORE,0.5175338371908694,LIVE_FUSED,LIVE_FUSED,1,1.0,2021-03-24,1,1,1,1,1,NONE,V1,2026-03-15T23:24:06Z
2021-04-05,IEF_CORE,0.44246616280913054,LIVE_FUSED,LIVE_FUSED,1,1.0,,1,1,1,1,1,NONE,V1,2026-03-15T23:24:06Z
2021-04-05,VOO_CORE,0.5575338371908695,LIVE_FUSED,LIVE_FUSED,1,1.0,,1,1,1,1,1,NONE,V1,2026-03-15T23:24:06Z
2021-04-14,IEF_CORE,0.4,LIVE_FUSED,LIVE_FUSED,1,1.0,,1,1,1,1,1,NONE,V1,2026-03-15T23:24:06Z
2021-04-14,VOO_CORE,0.6,LIVE_FUSED,LIVE_FUSED,1,1.0,,1,1,1,1,1,NONE,V1,2026-03-15T23:24:06Z
2021-04-23,IEF_CORE,0.4,LIVE_FUSED,LIVE_FUSED,1,1.0,,1,1,1,1,1,NONE,V1,2026-03-15T23:24:06Z
2021-04-23,VOO_CORE,0.6,LIVE_FUSED,LIVE_FUSED,1,1.0,,1,1,1,1,1,NONE,V1,2026-03-15T23:24:06Z
2021-05-04,IEF_CORE,0.4,LIVE_FUSED,LIVE_FUSED,1,1.0,,1,1,1,1,1,NONE,V1,2026-03-15T23:24:06Z
2021-05-04,VOO_CORE,0.6,LIVE_FUSED,LIVE_FUSED,1,1.0,,1,1,1,1,1,NONE,V1,2026-03-15T23:24:06Z
2021-05-13,IEF_CORE,0.4,LIVE_FUSED,LIVE_FUSED,1,1.0,,1,1,1,1,1,NONE,V1,2026-03-15T23:24:06Z
2021-05-13,VOO_CORE,0.6,LIVE_FUSED,LIVE_FUSED,1,1.0,,1,1,1,1,1,NONE,V1,2026-03-15T23:24:06Z
2021-05-24,IEF_CORE,0.4,LIVE_FUSED,LIVE_FUSED,1,1.0,,1,1,1,1,1,NONE,V1,2026-03-15T23:24:06Z
2021-05-24,VOO_CORE,0.6,LIVE_FUSED,LIVE_FUSED,1,1.0,,1,1,1,1,1,NONE,V1,2026-03-15T23:24:06Z
2021-06-03,IEF_CORE,0.4,LIVE_FUSED,LIVE_FUSED,1,1.0,,1,1,1,1,1,NONE,V1,2026-03-15T23:24:06Z
2021-06-03,VOO_CORE,0.6,LIVE_FUSED,LIVE_FUSED,1,1.0,,1,1,1,1,1,NONE,V1,2026-03-15T23:24:06Z
2021-06-14,IEF_CORE,0.4,LIVE_FUSED,LIVE_FUSED,1,1.0,,1,1,1,1,1,NONE,V1,2026-03-15T23:24:06Z
2021-06-14,VOO_CORE,0.6,LIVE_FUSED,LIVE_FUSED,1,1.0,,1,1,1,1,1,NONE,V1,2026-03-15T23:24:06Z
2021-06-23,IEF_CORE,0.4,LIVE_FUSED,LIVE_FUSED,1,1.0,,1,1,1,1,1,NONE,V1,2026-03-15T23:24:06Z
2021-06-23,VOO_CORE,0.6,LIVE_FUSED,LIVE_FUSED,1,1.0,,1,1,1,1,1,NONE,V1,2026-03-15T23:24:06Z
2021-07-02,IEF_CORE,0.4,LIVE_FUSED,LIVE_FUSED,1,1.0,,1,1,1,1,1,NONE,V1,2026-03-15T23:24:06Z
2021-07-02,VOO_CORE,0.6,LIVE_FUSED,LIVE_FUSED,1,1.0,,1,1,1,1,1,NONE,V1,2026-03-15T23:24:06Z
2021-07-14,IEF_CORE,0.4,LIVE_FUSED,LIVE_FUSED,1,1.0,2021-07-14,1,1,1,1,1,NONE,V1,2026-03-15T23:24:06Z
2021-07-14,SMH,0.04,LIVE_FUSED,LIVE_FUSED,1,1.0,2021-07-14,1,1,1,1,1,NONE,V1,2026-03-15T23:24:06Z
2021-07-14,VOO_CORE,0.5599999999999999,LIVE_FUSED,LIVE_FUSED,1,1.0,2021-07-14,1,1,1,1,1,NONE,V1,2026-03-15T23:24:06Z
2021-07-23,IEF_CORE,0.4,LIVE_FUSED,LIVE_FUSED,1,1.0,2021-07-23,1,1,1,1,1,NONE,V1,2026-03-15T23:24:06Z
2021-07-23,SMH,0.04,LIVE_FUSED,LIVE_FUSED,1,1.0,2021-07-23,1,1,1,1,1,NONE,V1,2026-03-15T23:24:06Z
2021-07-23,VOO_CORE,0.5599999999999999,LIVE_FUSED,LIVE_FUSED,1,1.0,2021-07-23,1,1,1,1,1,NONE,V1,2026-03-15T23:24:06Z
2021-08-03,IEF_CORE,0.4,LIVE_FUSED,LIVE_FUSED,1,1.0,2021-08-03,1,1,1,1,1,NONE,V1,2026-03-15T23:24:06Z
2021-08-03,SMH,0.04,LIVE_FUSED,LIVE_FUSED,1,1.0,2021-08-03,1,1,1,1,1,NONE,V1,2026-03-15T23:24:06Z
2021-08-03,VOO_CORE,0.5599999999999999,LIVE_FUSED,LIVE_FUSED,1,1.0,2021-08-03,1,1,1,1,1,NONE,V1,2026-03-15T23:24:06Z
2021-08-12,IEF_CORE,0.4,LIVE_FUSED,LIVE_FUSED,1,1.0,,1,1,1,1,1,NONE,V1,2026-03-15T23:24:06Z
2021-08-12,VOO_CORE,0.6,LIVE_FUSED,LIVE_FUSED,1,1.0,,1,1,1,1,1,NONE,V1,2026-03-15T23:24:06Z
2021-08-23,IEF_CORE,0.4,LIVE_FUSED,LIVE_FUSED,1,1.0,,1,1,1,1,1,NONE,V1,2026-03-15T23:24:06Z
2021-08-23,VOO_CORE,0.6,LIVE_FUSED,LIVE_FUSED,1,1.0,,1,1,1,1,1,NONE,V1,2026-03-15T23:24:06Z
2021-09-01,IEF_CORE,0.4,LIVE_FUSED,LIVE_FUSED,1,1.0,2021-09-01,1,1,1,1,1,NONE,V1,2026-03-15T23:24:06Z
2021-09-01,IWM,0.04,LIVE_FUSED,LIVE_FUSED,1,1.0,2021-09-01,1,1,1,1,1,NONE,V1,2026-03-15T23:24:06Z
2021-09-01,VOO_CORE,0.5599999999999999,LIVE_FUSED,LIVE_FUSED,1,1.0,2021-09-01,1,1,1,1,1,NONE,V1,2026-03-15T23:24:06Z
2021-09-13,IEF_CORE,0.4,LIVE_FUSED,LIVE_FUSED,1,1.0,2021-09-13,1,1,1,1,1,NONE,V1,2026-03-15T23:24:06Z
2021-09-13,IWM,0.04,LIVE_FUSED,LIVE_FUSED,1,1.0,2021-09-13,1,1,1,1,1,NONE,V1,2026-03-15T23:24:06Z
2021-09-13,VOO_CORE,0.5599999999999999,LIVE_FUSED,LIVE_FUSED,1,1.0,2021-09-13,1,1,1,1,1,NONE,V1,2026-03-15T23:24:06Z
2021-09-22,IEF_CORE,0.4,LIVE_FUSED,LIVE_FUSED,1,1.0,2021-09-22,1,1,1,1,1,NONE,V1,2026-03-15T23:24:06Z
2021-09-22,IWM,0.04,LIVE_FUSED,LIVE_FUSED,1,1.0,2021-09-22,1,1,1,1,1,NONE,V1,2026-03-15T23:24:06Z
2021-09-22,VOO_CORE,0.5599999999999999,LIVE_FUSED,LIVE_FUSED,1,1.0,2021-09-22,1,1,1,1,1,NONE,V1,2026-03-15T23:24:06Z
2021-10-01,IEF_CORE,0.4,LIVE_FUSED,LIVE_FUSED,1,1.0,,1,1,1,1,1,NONE,V1,2026-03-15T23:24:06Z
2021-10-01,VOO_CORE,0.6,LIVE_FUSED,LIVE_FUSED,1,1.0,,1,1,1,1,1,NONE,V1,2026-03-15T23:24:06Z
2021-10-12,IEF_CORE,0.4,LIVE_FUSED,LIVE_FUSED,1,1.0,,1,1,1,1,1,NONE,V1,2026-03-15T23:24:06Z
2021-10-12,VOO_CORE,0.6,LIVE_FUSED,LIVE_FUSED,1,1.0,,1,1,1,1,1,NONE,V1,2026-03-15T23:24:06Z
2021-10-21,IEF_CORE,0.4,LIVE_FUSED,LIVE_FUSED,1,1.0,,1,1,1,1,1,NONE,V1,2026-03-15T23:24:06Z
2021-10-21,VOO_CORE,0.6,LIVE_FUSED,LIVE_FUSED,1,1.0,,1,1,1,1,1,NONE,V1,2026-03-15T23:24:06Z
2021-11-01,IEF_CORE,0.4,LIVE_FUSED,LIVE_FUSED,1,1.0,,1,1,1,1,1,NONE,V1,2026-03-15T23:24:06Z
2021-11-01,VOO_CORE,0.6,LIVE_FUSED,LIVE_FUSED,1,1.0,,1,1,1,1,1,NONE,V1,2026-03-15T23:24:06Z
2021-11-10,IEF_CORE,0.4,LIVE_FUSED,LIVE_FUSED,1,1.0,,1,1,1,1,1,NONE,V1,2026-03-15T23:24:06Z
2021-11-10,VOO_CORE,0.6,LIVE_FUSED,LIVE_FUSED,1,1.0,,1,1,1,1,1,NONE,V1,2026-03-15T23:24:06Z
2021-11-19,EFA,0.04,LIVE_FUSED,LIVE_FUSED,1,1.0,2021-11-19,1,1,1,1,1,NONE,V1,2026-03-15T23:24:06Z
2021-11-19,IEF_CORE,0.4,LIVE_FUSED,LIVE_FUSED,1,1.0,2021-11-19,1,1,1,1,1,NONE,V1,2026-03-15T23:24:06Z
2021-11-19,VOO_CORE,0.5599999999999999,LIVE_FUSED,LIVE_FUSED,1,1.0,2021-11-19,1,1,1,1,1,NONE,V1,2026-03-15T23:24:06Z
2021-12-01,IEF_CORE,0.4,LIVE_FUSED,LIVE_FUSED,1,1.0,2021-12-01,1,1,1,1,1,NONE,V1,2026-03-15T23:24:06Z
2021-12-01,SMH,0.04,LIVE_FUSED,LIVE_FUSED,1,1.0,2021-12-01,1,1,1,1,1,NONE,V1,2026-03-15T23:24:06Z
2021-12-01,VOO_CORE,0.5599999999999999,LIVE_FUSED,LIVE_FUSED,1,1.0,2021-12-01,1,1,1,1,1,NONE,V1,2026-03-15T23:24:06Z
2021-12-10,IEF_CORE,0.4,LIVE_FUSED,LIVE_FUSED,1,1.0,2021-12-10,1,1,1,1,1,NONE,V1,2026-03-15T23:24:06Z
2021-12-10,SMH,0.02,LIVE_FUSED,LIVE_FUSED,1,1.0,2021-12-10,1,1,1,1,1,NONE,V1,2026-03-15T23:24:06Z
2021-12-10,VOO_CORE,0.58,LIVE_FUSED,LIVE_FUSED,1,1.0,2021-12-10,1,1,1,1,1,NONE,V1,2026-03-15T23:24:06Z
2021-12-21,IEF_CORE,0.4,LIVE_FUSED,LIVE_FUSED,1,1.0,2021-12-21,1,1,1,1,1,NONE,V1,2026-03-15T23:24:06Z
2021-12-21,SMH,0.02,LIVE_FUSED,LIVE_FUSED,1,1.0,2021-12-21,1,1,1,1,1,NONE,V1,2026-03-15T23:24:06Z
2021-12-21,VOO_CORE,0.58,LIVE_FUSED,LIVE_FUSED,1,1.0,2021-12-21,1,1,1,1,1,NONE,V1,2026-03-15T23:24:06Z
2021-12-31,IEF_CORE,0.4,LIVE_FUSED,LIVE_FUSED,1,1.0,2021-12-31,1,1,1,1,1,NONE,V1,2026-03-15T23:24:06Z
2021-12-31,SMH,0.02,LIVE_FUSED,LIVE_FUSED,1,1.0,2021-12-31,1,1,1,1,1,NONE,V1,2026-03-15T23:24:06Z
2021-12-31,VOO_CORE,0.58,LIVE_FUSED,LIVE_FUSED,1,1.0,2021-12-31,1,1,1,1,1,NONE,V1,2026-03-15T23:24:06Z
2022-01-11,IEF_CORE,0.4,LIVE_FUSED,LIVE_FUSED,1,1.0,,1,1,1,1,1,NONE,V1,2026-03-15T23:24:06Z
2022-01-11,VOO_CORE,0.6,LIVE_FUSED,LIVE_FUSED,1,1.0,,1,1,1,1,1,NONE,V1,2026-03-15T23:24:06Z
2022-01-21,IEF_CORE,0.8275168707426714,LIVE_FUSED,LIVE_FUSED,1,1.0,2022-01-21,1,1,1,1,1,NONE,V1,2026-03-15T23:24:06Z
2022-01-21,SMH,0.02,LIVE_FUSED,LIVE_FUSED,1,1.0,2022-01-21,1,1,1,1,1,NONE,V1,2026-03-15T23:24:06Z
2022-01-21,VOO_CORE,0.1524831292573286,LIVE_FUSED,LIVE_FUSED,1,1.0,2022-01-21,1,1,1,1,1,NONE,V1,2026-03-15T23:24:06Z
2022-02-01,IEF_CORE,0.4,LIVE_FUSED,LIVE_FUSED,1,1.0,2022-02-01,1,1,1,1,1,NONE,V1,2026-03-15T23:24:06Z
2022-02-01,SMH,0.02,LIVE_FUSED,LIVE_FUSED,1,1.0,2022-02-01,1,1,1,1,1,NONE,V1,2026-03-15T23:24:06Z
2022-02-01,VOO_CORE,0.58,LIVE_FUSED,LIVE_FUSED,1,1.0,2022-02-01,1,1,1,1,1,NONE,V1,2026-03-15T23:24:06Z
2022-02-10,IEF_CORE,1.0,LIVE_FUSED,LIVE_FUSED,1,1.0,2022-02-10,1,1,1,1,1,NONE,V1,2026-03-15T23:24:06Z
2022-02-10,VOO_CORE,0.0,LIVE_FUSED,LIVE_FUSED,1,1.0,2022-02-10,1,1,1,1,1,NONE,V1,2026-03-15T23:24:06Z
2022-02-22,IEF_CORE,0.4,LIVE_FUSED,LIVE_FUSED,1,1.0,2022-02-22,1,1,1,1,1,NONE,V1,2026-03-15T23:24:06Z
2022-02-22,SMH,0.04,LIVE_FUSED,LIVE_FUSED,1,1.0,2022-02-22,1,1,1,1,1,NONE,V1,2026-03-15T23:24:06Z
2022-02-22,VOO_CORE,0.5599999999999999,LIVE_FUSED,LIVE_FUSED,1,1.0,2022-02-22,1,1,1,1,1,NONE,V1,2026-03-15T23:24:06Z
2022-03-03,IEF_CORE,0.4,LIVE_FUSED,LIVE_FUSED,1,1.0,2022-03-03,1,1,1,1,1,NONE,V1,2026-03-15T23:24:06Z
2022-03-03,SMH,0.04,LIVE_FUSED,LIVE_FUSED,1,1.0,2022-03-03,1,1,1,1,1,NONE,V1,2026-03-15T23:24:06Z
2022-03-03,VOO_CORE,0.5599999999999999,LIVE_FUSED,LIVE_FUSED,1,1.0,2022-03-03,1,1,1,1,1,NONE,V1,2026-03-15T23:24:06Z
2022-03-14,IEF_CORE,0.5731573612849894,LIVE_FUSED,LIVE_FUSED,1,1.0,2022-03-14,1,1,1,1,1,NONE,V1,2026-03-15T23:24:06Z
2022-03-14,SMH,0.02,LIVE_FUSED,LIVE_FUSED,1,1.0,2022-03-14,1,1,1,1,1,NONE,V1,2026-03-15T23:24:06Z
2022-03-14,VOO_CORE,0.40684263871501053,LIVE_FUSED,LIVE_FUSED,1,1.0,2022-03-14,1,1,1,1,1,NONE,V1,2026-03-15T23:24:06Z
2022-03-23,IEF_CORE,1.0,LIVE_FUSED,LIVE_FUSED,1,1.0,2022-03-23,1,1,1,1,1,NONE,V1,2026-03-15T23:24:06Z
2022-03-23,VOO_CORE,0.0,LIVE_FUSED,LIVE_FUSED,1,1.0,2022-03-23,1,1,1,1,1,NONE,V1,2026-03-15T23:24:06Z
2022-04-01,IEF_CORE,0.82,LIVE_FUSED,LIVE_FUSED,1,1.0,2022-04-01,1,1,1,1,1,NONE,V1,2026-03-15T23:24:06Z
2022-04-01,IWM,0.04,LIVE_FUSED,LIVE_FUSED,1,1.0,2022-04-01,1,1,1,1,1,NONE,V1,2026-03-15T23:24:06Z
2022-04-01,VOO_CORE,0.14,LIVE_FUSED,LIVE_FUSED,1,1.0,2022-04-01,1,1,1,1,1,NONE,V1,2026-03-15T23:24:06Z
2022-04-12,IEF_CORE,0.82,LIVE_FUSED,LIVE_FUSED,1,1.0,2022-04-12,1,1,1,1,1,NONE,V1,2026-03-15T23:24:06Z
2022-04-12,IWM,0.04,LIVE_FUSED,LIVE_FUSED,1,1.0,2022-04-12,1,1,1,1,1,NONE,V1,2026-03-15T23:24:06Z
2022-04-12,VOO_CORE,0.14,LIVE_FUSED,LIVE_FUSED,1,1.0,2022-04-12,1,1,1,1,1,NONE,V1,2026-03-15T23:24:06Z
2022-04-22,IEF_CORE,0.82,LIVE_FUSED,LIVE_FUSED,1,1.0,2022-04-22,1,1,1,1,1,NONE,V1,2026-03-15T23:24:06Z
2022-04-22,IWM,0.04,LIVE_FUSED,LIVE_FUSED,1,1.0,2022-04-22,1,1,1,1,1,NONE,V1,2026-03-15T23:24:06Z
2022-04-22,VOO_CORE,0.14,LIVE_FUSED,LIVE_FUSED,1,1.0,2022-04-22,1,1,1,1,1,NONE,V1,2026-03-15T23:24:06Z
2022-05-03,IEF_CORE,0.82,LIVE_FUSED,LIVE_FUSED,1,1.0,2022-05-03,1,1,1,1,1,NONE,V1,2026-03-15T23:24:06Z
2022-05-03,IWM,0.04,LIVE_FUSED,LIVE_FUSED,1,1.0,2022-05-03,1,1,1,1,1,NONE,V1,2026-03-15T23:24:06Z
2022-05-03,VOO_CORE,0.14,LIVE_FUSED,LIVE_FUSED,1,1.0,2022-05-03,1,1,1,1,1,NONE,V1,2026-03-15T23:24:06Z
2022-05-12,IEF_CORE,0.6455495906161122,LIVE_FUSED,LIVE_FUSED,1,1.0,2022-05-12,1,1,1,1,1,NONE,V1,2026-03-15T23:24:06Z
2022-05-12,SMH,0.04,LIVE_FUSED,LIVE_FUSED,1,1.0,2022-05-12,1,1,1,1,1,NONE,V1,2026-03-15T23:24:06Z
2022-05-12,VOO_CORE,0.3144504093838879,LIVE_FUSED,LIVE_FUSED,1,1.0,2022-05-12,1,1,1,1,1,NONE,V1,2026-03-15T23:24:06Z
2022-05-23,IEF_CORE,0.6455495906161122,LIVE_FUSED,LIVE_FUSED,1,1.0,2022-05-23,1,1,1,1,1,NONE,V1,2026-03-15T23:24:06Z
2022-05-23,SMH,0.04,LIVE_FUSED,LIVE_FUSED,1,1.0,2022-05-23,1,1,1,1,1,NONE,V1,2026-03-15T23:24:06Z
2022-05-23,VOO_CORE,0.3144504093838879,LIVE_FUSED,LIVE_FUSED,1,1.0,2022-05-23,1,1,1,1,1,NONE,V1,2026-03-15T23:24:06Z
2022-06-02,IEF_CORE,0.82,LIVE_FUSED,LIVE_FUSED,1,1.0,2022-06-02,1,1,1,1,1,NONE,V1,2026-03-15T23:24:06Z
2022-06-02,IWM,0.04,LIVE_FUSED,LIVE_FUSED,1,1.0,2022-06-02,1,1,1,1,1,NONE,V1,2026-03-15T23:24:06Z
2022-06-02,VOO_CORE,0.14,LIVE_FUSED,LIVE_FUSED,1,1.0,2022-06-02,1,1,1,1,1,NONE,V1,2026-03-15T23:24:06Z
2022-06-13,IEF_CORE,0.7142320975083809,LIVE_FUSED,LIVE_FUSED,1,1.0,2022-06-13,1,1,1,1,1,NONE,V1,2026-03-15T23:24:06Z
2022-06-13,SMH,0.04,LIVE_FUSED,LIVE_FUSED,1,1.0,2022-06-13,1,1,1,1,1,NONE,V1,2026-03-15T23:24:06Z
2022-06-13,VOO_CORE,0.24576790249161903,LIVE_FUSED,LIVE_FUSED,1,1.0,2022-06-13,1,1,1,1,1,NONE,V1,2026-03-15T23:24:06Z
2022-06-23,IEF_CORE,0.5328847015553124,LIVE_FUSED,LIVE_FUSED,1,1.0,2022-06-23,1,1,1,1,1,NONE,V1,2026-03-15T23:24:06Z
2022-06-23,SMH,0.04,LIVE_FUSED,LIVE_FUSED,1,1.0,2022-06-23,1,1,1,1,1,NONE,V1,2026-03-15T23:24:06Z
2022-06-23,VOO_CORE,0.4271152984446876,LIVE_FUSED,LIVE_FUSED,1,1.0,2022-06-23,1,1,1,1,1,NONE,V1,2026-03-15T23:24:06Z
2022-07-05,IEF_CORE,0.5328847015553124,LIVE_FUSED,LIVE_FUSED,1,1.0,2022-07-05,1,1,1,1,1,NONE,V1,2026-03-15T23:24:06Z
2022-07-05,SMH,0.04,LIVE_FUSED,LIVE_FUSED,1,1.0,2022-07-05,1,1,1,1,1,NONE,V1,2026-03-15T23:24:06Z
2022-07-05,VOO_CORE,0.4271152984446876,LIVE_FUSED,LIVE_FUSED,1,1.0,2022-07-05,1,1,1,1,1,NONE,V1,2026-03-15T23:24:06Z
2022-07-14,IEF_CORE,0.5328847015553124,LIVE_FUSED,LIVE_FUSED,1,1.0,2022-07-14,1,1,1,1,1,NONE,V1,2026-03-15T23:24:06Z
2022-07-14,SMH,0.04,LIVE_FUSED,LIVE_FUSED,1,1.0,2022-07-14,1,1,1,1,1,NONE,V1,2026-03-15T23:24:06Z
2022-07-14,VOO_CORE,0.4271152984446876,LIVE_FUSED,LIVE_FUSED,1,1.0,2022-07-14,1,1,1,1,1,NONE,V1,2026-03-15T23:24:06Z
2022-07-25,IEF_CORE,0.5328847015553124,LIVE_FUSED,LIVE_FUSED,1,1.0,2022-07-25,1,1,1,1,1,NONE,V1,2026-03-15T23:24:06Z
2022-07-25,SMH,0.04,LIVE_FUSED,LIVE_FUSED,1,1.0,2022-07-25,1,1,1,1,1,NONE,V1,2026-03-15T23:24:06Z
2022-07-25,VOO_CORE,0.4271152984446876,LIVE_FUSED,LIVE_FUSED,1,1.0,2022-07-25,1,1,1,1,1,NONE,V1,2026-03-15T23:24:06Z
2022-08-03,IEF_CORE,0.82,LIVE_FUSED,LIVE_FUSED,1,1.0,2022-08-03,1,1,1,1,1,NONE,V1,2026-03-15T23:24:06Z
2022-08-03,SMH,0.04,LIVE_FUSED,LIVE_FUSED,1,1.0,2022-08-03,1,1,1,1,1,NONE,V1,2026-03-15T23:24:06Z
2022-08-03,VOO_CORE,0.14,LIVE_FUSED,LIVE_FUSED,1,1.0,2022-08-03,1,1,1,1,1,NONE,V1,2026-03-15T23:24:06Z
2022-08-12,IEF_CORE,0.82,LIVE_FUSED,LIVE_FUSED,1,1.0,2022-08-12,1,1,1,1,1,NONE,V1,2026-03-15T23:24:06Z
2022-08-12,IWM,0.04,LIVE_FUSED,LIVE_FUSED,1,1.0,2022-08-12,1,1,1,1,1,NONE,V1,2026-03-15T23:24:06Z
2022-08-12,VOO_CORE,0.14,LIVE_FUSED,LIVE_FUSED,1,1.0,2022-08-12,1,1,1,1,1,NONE,V1,2026-03-15T23:24:06Z
2022-08-23,IEF_CORE,0.82,LIVE_FUSED,LIVE_FUSED,1,1.0,2022-08-23,1,1,1,1,1,NONE,V1,2026-03-15T23:24:06Z
2022-08-23,SMH,0.04,LIVE_FUSED,LIVE_FUSED,1,1.0,2022-08-23,1,1,1,1,1,NONE,V1,2026-03-15T23:24:06Z
2022-08-23,VOO_CORE,0.14,LIVE_FUSED,LIVE_FUSED,1,1.0,2022-08-23,1,1,1,1,1,NONE,V1,2026-03-15T23:24:06Z
2022-09-01,IEF_CORE,0.5014802334933964,LIVE_FUSED,LIVE_FUSED,1,1.0,2022-09-01,1,1,1,1,1,NONE,V1,2026-03-15T23:24:06Z
2022-09-01,SMH,0.04,LIVE_FUSED,LIVE_FUSED,1,1.0,2022-09-01,1,1,1,1,1,NONE,V1,2026-03-15T23:24:06Z
2022-09-01,VOO_CORE,0.4585197665066036,LIVE_FUSED,LIVE_FUSED,1,1.0,2022-09-01,1,1,1,1,1,NONE,V1,2026-03-15T23:24:06Z
2022-09-13,IEF_CORE,0.82,LIVE_FUSED,LIVE_FUSED,1,1.0,2022-09-13,1,1,1,1,1,NONE,V1,2026-03-15T23:24:06Z
2022-09-13,SMH,0.04,LIVE_FUSED,LIVE_FUSED,1,1.0,2022-09-13,1,1,1,1,1,NONE,V1,2026-03-15T23:24:06Z
2022-09-13,VOO_CORE,0.14,LIVE_FUSED,LIVE_FUSED,1,1.0,2022-09-13,1,1,1,1,1,NONE,V1,2026-03-15T23:24:06Z
2022-09-22,EEM,0.04,LIVE_FUSED,LIVE_FUSED,1,1.0,2022-09-22,1,1,1,1,1,NONE,V1,2026-03-15T23:24:06Z
2022-09-22,IEF_CORE,0.82,LIVE_FUSED,LIVE_FUSED,1,1.0,2022-09-22,1,1,1,1,1,NONE,V1,2026-03-15T23:24:06Z
2022-09-22,VOO_CORE,0.14,LIVE_FUSED,LIVE_FUSED,1,1.0,2022-09-22,1,1,1,1,1,NONE,V1,2026-03-15T23:24:06Z
2022-10-03,IEF_CORE,0.82,LIVE_FUSED,LIVE_FUSED,1,1.0,2022-10-03,1,1,1,1,1,NONE,V1,2026-03-15T23:24:06Z
2022-10-03,SMH,0.04,LIVE_FUSED,LIVE_FUSED,1,1.0,2022-10-03,1,1,1,1,1,NONE,V1,2026-03-15T23:24:06Z
2022-10-03,VOO_CORE,0.14,LIVE_FUSED,LIVE_FUSED,1,1.0,2022-10-03,1,1,1,1,1,NONE,V1,2026-03-15T23:24:06Z
2022-10-12,IEF_CORE,0.82,LIVE_FUSED,LIVE_FUSED,1,1.0,,1,1,1,1,1,NONE,V1,2026-03-15T23:24:06Z
2022-10-12,VOO_CORE,0.18000000000000002,LIVE_FUSED,LIVE_FUSED,1,1.0,,1,1,1,1,1,NONE,V1,2026-03-15T23:24:06Z
2022-10-21,IEF_CORE,0.82,LIVE_FUSED,LIVE_FUSED,1,1.0,2022-10-21,1,1,1,1,1,NONE,V1,2026-03-15T23:24:06Z
2022-10-21,IWM,0.04,LIVE_FUSED,LIVE_FUSED,1,1.0,2022-10-21,1,1,1,1,1,NONE,V1,2026-03-15T23:24:06Z
2022-10-21,VOO_CORE,0.14,LIVE_FUSED,LIVE_FUSED,1,1.0,2022-10-21,1,1,1,1,1,NONE,V1,2026-03-15T23:24:06Z
2022-11-01,IEF_CORE,0.61,LIVE_FUSED,LIVE_FUSED,1,1.0,2022-11-01,1,1,1,1,1,NONE,V1,2026-03-15T23:24:06Z
2022-11-01,IWM,0.04,LIVE_FUSED,LIVE_FUSED,1,1.0,2022-11-01,1,1,1,1,1,NONE,V1,2026-03-15T23:24:06Z
2022-11-01,VOO_CORE,0.35000000000000003,LIVE_FUSED,LIVE_FUSED,1,1.0,2022-11-01,1,1,1,1,1,NONE,V1,2026-03-15T23:24:06Z
2022-11-10,IEF_CORE,0.61,LIVE_FUSED,LIVE_FUSED,1,1.0,2022-11-10,1,1,1,1,1,NONE,V1,2026-03-15T23:24:06Z
2022-11-10,IWM,0.02,LIVE_FUSED,LIVE_FUSED,1,1.0,2022-11-10,1,1,1,1,1,NONE,V1,2026-03-15T23:24:06Z
2022-11-10,VOO_CORE,0.37,LIVE_FUSED,LIVE_FUSED,1,1.0,2022-11-10,1,1,1,1,1,NONE,V1,2026-03-15T23:24:06Z
2022-11-21,IEF_CORE,0.61,LIVE_FUSED,LIVE_FUSED,1,1.0,,1,1,1,1,1,NONE,V1,2026-03-15T23:24:06Z
2022-11-21,VOO_CORE,0.39,LIVE_FUSED,LIVE_FUSED,1,1.0,,1,1,1,1,1,NONE,V1,2026-03-15T23:24:06Z
2022-12-01,IEF_CORE,0.61,LIVE_FUSED,LIVE_FUSED,1,1.0,2022-12-01,1,1,1,1,1,NONE,V1,2026-03-15T23:24:06Z
2022-12-01,IWM,0.02,LIVE_FUSED,LIVE_FUSED,1,1.0,2022-12-01,1,1,1,1,1,NONE,V1,2026-03-15T23:24:06Z
2022-12-01,VOO_CORE,0.37,LIVE_FUSED,LIVE_FUSED,1,1.0,2022-12-01,1,1,1,1,1,NONE,V1,2026-03-15T23:24:06Z
2022-12-12,IEF_CORE,0.61,LIVE_FUSED,LIVE_FUSED,1,1.0,2022-12-12,1,1,1,1,1,NONE,V1,2026-03-15T23:24:06Z
2022-12-12,SMH,0.04,LIVE_FUSED,LIVE_FUSED,1,1.0,2022-12-12,1,1,1,1,1,NONE,V1,2026-03-15T23:24:06Z
2022-12-12,VOO_CORE,0.35000000000000003,LIVE_FUSED,LIVE_FUSED,1,1.0,2022-12-12,1,1,1,1,1,NONE,V1,2026-03-15T23:24:06Z
2022-12-21,IEF_CORE,0.5922690132867483,LIVE_FUSED,LIVE_FUSED,1,1.0,2022-12-21,1,1,1,1,1,NONE,V1,2026-03-15T23:24:06Z
2022-12-21,SMH,0.04,LIVE_FUSED,LIVE_FUSED,1,1.0,2022-12-21,1,1,1,1,1,NONE,V1,2026-03-15T23:24:06Z
2022-12-21,VOO_CORE,0.36773098671325166,LIVE_FUSED,LIVE_FUSED,1,1.0,2022-12-21,1,1,1,1,1,NONE,V1,2026-03-15T23:24:06Z
2023-01-03,IEF_CORE,0.5922690132867483,LIVE_FUSED,LIVE_FUSED,1,1.0,2023-01-03,1,1,1,1,1,NONE,V1,2026-03-15T23:24:06Z
2023-01-03,IWM,0.04,LIVE_FUSED,LIVE_FUSED,1,1.0,2023-01-03,1,1,1,1,1,NONE,V1,2026-03-15T23:24:06Z
2023-01-03,VOO_CORE,0.36773098671325166,LIVE_FUSED,LIVE_FUSED,1,1.0,2023-01-03,1,1,1,1,1,NONE,V1,2026-03-15T23:24:06Z
2023-01-12,IEF_CORE,0.5922690132867483,LIVE_FUSED,LIVE_FUSED,1,1.0,2023-01-12,1,1,1,1,1,NONE,V1,2026-03-15T23:24:06Z
2023-01-12,SMH,0.04,LIVE_FUSED,LIVE_FUSED,1,1.0,2023-01-12,1,1,1,1,1,NONE,V1,2026-03-15T23:24:06Z
2023-01-12,VOO_CORE,0.36773098671325166,LIVE_FUSED,LIVE_FUSED,1,1.0,2023-01-12,1,1,1,1,1,NONE,V1,2026-03-15T23:24:06Z
2023-01-24,EEM,0.04,LIVE_FUSED,LIVE_FUSED,1,1.0,2023-01-24,1,1,1,1,1,NONE,V1,2026-03-15T23:24:06Z
2023-01-24,IEF_CORE,0.5922690132867483,LIVE_FUSED,LIVE_FUSED,1,1.0,2023-01-24,1,1,1,1,1,NONE,V1,2026-03-15T23:24:06Z
2023-01-24,VOO_CORE,0.36773098671325166,LIVE_FUSED,LIVE_FUSED,1,1.0,2023-01-24,1,1,1,1,1,NONE,V1,2026-03-15T23:24:06Z
2023-02-02,IEF_CORE,0.5922690132867483,LIVE_FUSED,LIVE_FUSED,1,1.0,2023-02-02,1,1,1,1,1,NONE,V1,2026-03-15T23:24:06Z
2023-02-02,SMH,0.04,LIVE_FUSED,LIVE_FUSED,1,1.0,2023-02-02,1,1,1,1,1,NONE,V1,2026-03-15T23:24:06Z
2023-02-02,VOO_CORE,0.36773098671325166,LIVE_FUSED,LIVE_FUSED,1,1.0,2023-02-02,1,1,1,1,1,NONE,V1,2026-03-15T23:24:06Z
2023-02-13,IEF_CORE,0.61,LIVE_FUSED,LIVE_FUSED,1,1.0,2023-02-13,1,1,1,1,1,NONE,V1,2026-03-15T23:24:06Z
2023-02-13,SMH,0.04,LIVE_FUSED,LIVE_FUSED,1,1.0,2023-02-13,1,1,1,1,1,NONE,V1,2026-03-15T23:24:06Z
2023-02-13,VOO_CORE,0.35000000000000003,LIVE_FUSED,LIVE_FUSED,1,1.0,2023-02-13,1,1,1,1,1,NONE,V1,2026-03-15T23:24:06Z
2023-02-23,IEF_CORE,0.61,LIVE_FUSED,LIVE_FUSED,1,1.0,2023-02-23,1,1,1,1,1,NONE,V1,2026-03-15T23:24:06Z
2023-02-23,SMH,0.04,LIVE_FUSED,LIVE_FUSED,1,1.0,2023-02-23,1,1,1,1,1,NONE,V1,2026-03-15T23:24:06Z
2023-02-23,VOO_CORE,0.35000000000000003,LIVE_FUSED,LIVE_FUSED,1,1.0,2023-02-23,1,1,1,1,1,NONE,V1,2026-03-15T23:24:06Z
2023-03-06,IEF_CORE,0.61,LIVE_FUSED,LIVE_FUSED,1,1.0,2023-03-06,1,1,1,1,1,NONE,V1,2026-03-15T23:24:06Z
2023-03-06,SMH,0.04,LIVE_FUSED,LIVE_FUSED,1,1.0,2023-03-06,1,1,1,1,1,NONE,V1,2026-03-15T23:24:06Z
2023-03-06,VOO_CORE,0.35000000000000003,LIVE_FUSED,LIVE_FUSED,1,1.0,2023-03-06,1,1,1,1,1,NONE,V1,2026-03-15T23:24:06Z
2023-03-15,IEF_CORE,0.47956443392631487,LIVE_FUSED,LIVE_FUSED,1,1.0,2023-03-15,1,1,1,1,1,NONE,V1,2026-03-15T23:24:06Z
2023-03-15,SMH,0.04,LIVE_FUSED,LIVE_FUSED,1,1.0,2023-03-15,1,1,1,1,1,NONE,V1,2026-03-15T23:24:06Z
2023-03-15,VOO_CORE,0.48043556607368515,LIVE_FUSED,LIVE_FUSED,1,1.0,2023-03-15,1,1,1,1,1,NONE,V1,2026-03-15T23:24:06Z
2023-03-24,IEF_CORE,0.47956443392631487,LIVE_FUSED,LIVE_FUSED,1,1.0,2023-03-24,1,1,1,1,1,NONE,V1,2026-03-15T23:24:06Z
2023-03-24,SMH,0.04,LIVE_FUSED,LIVE_FUSED,1,1.0,2023-03-24,1,1,1,1,1,NONE,V1,2026-03-15T23:24:06Z
2023-03-24,VOO_CORE,0.48043556607368515,LIVE_FUSED,LIVE_FUSED,1,1.0,2023-03-24,1,1,1,1,1,NONE,V1,2026-03-15T23:24:06Z
2023-04-04,IEF_CORE,0.5390344870417729,LIVE_FUSED,LIVE_FUSED,1,1.0,2023-04-04,1,1,1,1,1,NONE,V1,2026-03-15T23:24:06Z
2023-04-04,SMH,0.04,LIVE_FUSED,LIVE_FUSED,1,1.0,2023-04-04,1,1,1,1,1,NONE,V1,2026-03-15T23:24:06Z
2023-04-04,VOO_CORE,0.4209655129582271,LIVE_FUSED,LIVE_FUSED,1,1.0,2023-04-04,1,1,1,1,1,NONE,V1,2026-03-15T23:24:06Z
2023-04-14,IEF_CORE,0.5981247409909751,LIVE_FUSED,LIVE_FUSED,1,1.0,2023-04-14,1,1,1,1,1,NONE,V1,2026-03-15T23:24:06Z
2023-04-14,SMH,0.04,LIVE_FUSED,LIVE_FUSED,1,1.0,2023-04-14,1,1,1,1,1,NONE,V1,2026-03-15T23:24:06Z
2023-04-14,VOO_CORE,0.36187525900902484,LIVE_FUSED,LIVE_FUSED,1,1.0,2023-04-14,1,1,1,1,1,NONE,V1,2026-03-15T23:24:06Z
2023-04-25,IEF_CORE,0.5213188180059534,LIVE_FUSED,LIVE_FUSED,1,1.0,2023-04-25,1,1,1,1,1,NONE,V1,2026-03-15T23:24:06Z
2023-04-25,SMH,0.04,LIVE_FUSED,LIVE_FUSED,1,1.0,2023-04-25,1,1,1,1,1,NONE,V1,2026-03-15T23:24:06Z
2023-04-25,VOO_CORE,0.43868118199404665,LIVE_FUSED,LIVE_FUSED,1,1.0,2023-04-25,1,1,1,1,1,NONE,V1,2026-03-15T23:24:06Z
2023-05-04,IEF_CORE,0.4,LIVE_FUSED,LIVE_FUSED,1,1.0,2023-05-04,1,1,1,1,1,NONE,V1,2026-03-15T23:24:06Z
2023-05-04,SMH,0.04,LIVE_FUSED,LIVE_FUSED,1,1.0,2023-05-04,1,1,1,1,1,NONE,V1,2026-03-15T23:24:06Z
2023-05-04,VOO_CORE,0.5599999999999999,LIVE_FUSED,LIVE_FUSED,1,1.0,2023-05-04,1,1,1,1,1,NONE,V1,2026-03-15T23:24:06Z
2023-05-15,IEF_CORE,0.4,LIVE_FUSED,LIVE_FUSED,1,1.0,2023-05-15,1,1,1,1,1,NONE,V1,2026-03-15T23:24:06Z
2023-05-15,SMH,0.04,LIVE_FUSED,LIVE_FUSED,1,1.0,2023-05-15,1,1,1,1,1,NONE,V1,2026-03-15T23:24:06Z
2023-05-15,VOO_CORE,0.5599999999999999,LIVE_FUSED,LIVE_FUSED,1,1.0,2023-05-15,1,1,1,1,1,NONE,V1,2026-03-15T23:24:06Z
2023-05-24,IEF_CORE,0.4,LIVE_FUSED,LIVE_FUSED,1,1.0,2023-05-24,1,1,1,1,1,NONE,V1,2026-03-15T23:24:06Z
2023-05-24,SMH,0.04,LIVE_FUSED,LIVE_FUSED,1,1.0,2023-05-24,1,1,1,1,1,NONE,V1,2026-03-15T23:24:06Z
2023-05-24,VOO_CORE,0.5599999999999999,LIVE_FUSED,LIVE_FUSED,1,1.0,2023-05-24,1,1,1,1,1,NONE,V1,2026-03-15T23:24:06Z
2023-06-05,IEF_CORE,0.4,LIVE_FUSED,LIVE_FUSED,1,1.0,2023-06-05,1,1,1,1,1,NONE,V1,2026-03-15T23:24:06Z
2023-06-05,SMH,0.04,LIVE_FUSED,LIVE_FUSED,1,1.0,2023-06-05,1,1,1,1,1,NONE,V1,2026-03-15T23:24:06Z
2023-06-05,VOO_CORE,0.5599999999999999,LIVE_FUSED,LIVE_FUSED,1,1.0,2023-06-05,1,1,1,1,1,NONE,V1,2026-03-15T23:24:06Z
2023-06-14,IEF_CORE,0.4,LIVE_FUSED,LIVE_FUSED,1,1.0,,1,1,1,1,1,NONE,V1,2026-03-15T23:24:06Z
2023-06-14,VOO_CORE,0.6,LIVE_FUSED,LIVE_FUSED,1,1.0,,1,1,1,1,1,NONE,V1,2026-03-15T23:24:06Z
2023-06-26,IEF_CORE,0.4,LIVE_FUSED,LIVE_FUSED,1,1.0,2023-06-26,1,1,1,1,1,NONE,V1,2026-03-15T23:24:06Z
2023-06-26,SMH,0.04,LIVE_FUSED,LIVE_FUSED,1,1.0,2023-06-26,1,1,1,1,1,NONE,V1,2026-03-15T23:24:06Z
2023-06-26,VOO_CORE,0.5599999999999999,LIVE_FUSED,LIVE_FUSED,1,1.0,2023-06-26,1,1,1,1,1,NONE,V1,2026-03-15T23:24:06Z
2023-07-06,IEF_CORE,0.4,LIVE_FUSED,LIVE_FUSED,1,1.0,2023-07-06,1,1,1,1,1,NONE,V1,2026-03-15T23:24:06Z
2023-07-06,SMH,0.04,LIVE_FUSED,LIVE_FUSED,1,1.0,2023-07-06,1,1,1,1,1,NONE,V1,2026-03-15T23:24:06Z
2023-07-06,VOO_CORE,0.5599999999999999,LIVE_FUSED,LIVE_FUSED,1,1.0,2023-07-06,1,1,1,1,1,NONE,V1,2026-03-15T23:24:06Z
2023-07-17,IEF_CORE,0.4,LIVE_FUSED,LIVE_FUSED,1,1.0,2023-07-17,1,1,1,1,1,NONE,V1,2026-03-15T23:24:06Z
2023-07-17,SMH,0.04,LIVE_FUSED,LIVE_FUSED,1,1.0,2023-07-17,1,1,1,1,1,NONE,V1,2026-03-15T23:24:06Z
2023-07-17,VOO_CORE,0.5599999999999999,LIVE_FUSED,LIVE_FUSED,1,1.0,2023-07-17,1,1,1,1,1,NONE,V1,2026-03-15T23:24:06Z
2023-07-26,IEF_CORE,0.5282447040250828,LIVE_FUSED,LIVE_FUSED,1,1.0,2023-07-26,1,1,1,1,1,NONE,V1,2026-03-15T23:24:06Z
2023-07-26,SMH,0.04,LIVE_FUSED,LIVE_FUSED,1,1.0,2023-07-26,1,1,1,1,1,NONE,V1,2026-03-15T23:24:06Z
2023-07-26,VOO_CORE,0.4317552959749172,LIVE_FUSED,LIVE_FUSED,1,1.0,2023-07-26,1,1,1,1,1,NONE,V1,2026-03-15T23:24:06Z
2023-08-04,IEF_CORE,0.4,LIVE_FUSED,LIVE_FUSED,1,1.0,2023-08-04,1,1,1,1,1,NONE,V1,2026-03-15T23:24:06Z
2023-08-04,SMH,0.04,LIVE_FUSED,LIVE_FUSED,1,1.0,2023-08-04,1,1,1,1,1,NONE,V1,2026-03-15T23:24:06Z
2023-08-04,VOO_CORE,0.5599999999999999,LIVE_FUSED,LIVE_FUSED,1,1.0,2023-08-04,1,1,1,1,1,NONE,V1,2026-03-15T23:24:06Z
2023-08-15,IEF_CORE,0.4,LIVE_FUSED,LIVE_FUSED,1,1.0,2023-08-15,1,1,1,1,1,NONE,V1,2026-03-15T23:24:06Z
2023-08-15,SMH,0.04,LIVE_FUSED,LIVE_FUSED,1,1.0,2023-08-15,1,1,1,1,1,NONE,V1,2026-03-15T23:24:06Z
2023-08-15,VOO_CORE,0.5599999999999999,LIVE_FUSED,LIVE_FUSED,1,1.0,2023-08-15,1,1,1,1,1,NONE,V1,2026-03-15T23:24:06Z
2023-08-24,IEF_CORE,0.4,LIVE_FUSED,LIVE_FUSED,1,1.0,2023-08-24,1,1,1,1,1,NONE,V1,2026-03-15T23:24:06Z
2023-08-24,SMH,0.04,LIVE_FUSED,LIVE_FUSED,1,1.0,2023-08-24,1,1,1,1,1,NONE,V1,2026-03-15T23:24:06Z
2023-08-24,VOO_CORE,0.5599999999999999,LIVE_FUSED,LIVE_FUSED,1,1.0,2023-08-24,1,1,1,1,1,NONE,V1,2026-03-15T23:24:06Z
2023-09-05,IEF_CORE,0.4,LIVE_FUSED,LIVE_FUSED,1,1.0,2023-09-05,1,1,1,1,1,NONE,V1,2026-03-15T23:24:06Z
2023-09-05,SMH,0.04,LIVE_FUSED,LIVE_FUSED,1,1.0,2023-09-05,1,1,1,1,1,NONE,V1,2026-03-15T23:24:06Z
2023-09-05,VOO_CORE,0.5599999999999999,LIVE_FUSED,LIVE_FUSED,1,1.0,2023-09-05,1,1,1,1,1,NONE,V1,2026-03-15T23:24:06Z
2023-09-14,IEF_CORE,0.4,LIVE_FUSED,LIVE_FUSED,1,1.0,2023-09-14,1,1,1,1,1,NONE,V1,2026-03-15T23:24:06Z
2023-09-14,SMH,0.04,LIVE_FUSED,LIVE_FUSED,1,1.0,2023-09-14,1,1,1,1,1,NONE,V1,2026-03-15T23:24:06Z
2023-09-14,VOO_CORE,0.5599999999999999,LIVE_FUSED,LIVE_FUSED,1,1.0,2023-09-14,1,1,1,1,1,NONE,V1,2026-03-15T23:24:06Z
2023-09-25,IEF_CORE,0.4,LIVE_FUSED,LIVE_FUSED,1,1.0,2023-09-25,1,1,1,1,1,NONE,V1,2026-03-15T23:24:06Z
2023-09-25,SMH,0.04,LIVE_FUSED,LIVE_FUSED,1,1.0,2023-09-25,1,1,1,1,1,NONE,V1,2026-03-15T23:24:06Z
2023-09-25,VOO_CORE,0.5599999999999999,LIVE_FUSED,LIVE_FUSED,1,1.0,2023-09-25,1,1,1,1,1,NONE,V1,2026-03-15T23:24:06Z
2023-10-04,IEF_CORE,0.4,LIVE_FUSED,LIVE_FUSED,1,1.0,2023-10-04,1,1,1,1,1,NONE,V1,2026-03-15T23:24:06Z
2023-10-04,SMH,0.04,LIVE_FUSED,LIVE_FUSED,1,1.0,2023-10-04,1,1,1,1,1,NONE,V1,2026-03-15T23:24:06Z
2023-10-04,VOO_CORE,0.5599999999999999,LIVE_FUSED,LIVE_FUSED,1,1.0,2023-10-04,1,1,1,1,1,NONE,V1,2026-03-15T23:24:06Z
2023-10-13,IEF_CORE,0.4,LIVE_FUSED,LIVE_FUSED,1,1.0,2023-10-13,1,1,1,1,1,NONE,V1,2026-03-15T23:24:06Z
2023-10-13,SMH,0.04,LIVE_FUSED,LIVE_FUSED,1,1.0,2023-10-13,1,1,1,1,1,NONE,V1,2026-03-15T23:24:06Z
2023-10-13,VOO_CORE,0.5599999999999999,LIVE_FUSED,LIVE_FUSED,1,1.0,2023-10-13,1,1,1,1,1,NONE,V1,2026-03-15T23:24:06Z
2023-10-24,IEF_CORE,0.4,LIVE_FUSED,LIVE_FUSED,1,1.0,2023-10-24,1,1,1,1,1,NONE,V1,2026-03-15T23:24:06Z
2023-10-24,SMH,0.04,LIVE_FUSED,LIVE_FUSED,1,1.0,2023-10-24,1,1,1,1,1,NONE,V1,2026-03-15T23:24:06Z
2023-10-24,VOO_CORE,0.5599999999999999,LIVE_FUSED,LIVE_FUSED,1,1.0,2023-10-24,1,1,1,1,1,NONE,V1,2026-03-15T23:24:06Z
2023-11-02,IEF_CORE,0.4,LIVE_FUSED,LIVE_FUSED,1,1.0,2023-11-02,1,1,1,1,1,NONE,V1,2026-03-15T23:24:06Z
2023-11-02,SMH,0.04,LIVE_FUSED,LIVE_FUSED,1,1.0,2023-11-02,1,1,1,1,1,NONE,V1,2026-03-15T23:24:06Z
2023-11-02,VOO_CORE,0.5599999999999999,LIVE_FUSED,LIVE_FUSED,1,1.0,2023-11-02,1,1,1,1,1,NONE,V1,2026-03-15T23:24:06Z
2023-11-13,IEF_CORE,0.4,LIVE_FUSED,LIVE_FUSED,1,1.0,2023-11-13,1,1,1,1,1,NONE,V1,2026-03-15T23:24:06Z
2023-11-13,SMH,0.04,LIVE_FUSED,LIVE_FUSED,1,1.0,2023-11-13,1,1,1,1,1,NONE,V1,2026-03-15T23:24:06Z
2023-11-13,VOO_CORE,0.5599999999999999,LIVE_FUSED,LIVE_FUSED,1,1.0,2023-11-13,1,1,1,1,1,NONE,V1,2026-03-15T23:24:06Z
2023-11-22,IEF_CORE,0.4,LIVE_FUSED,LIVE_FUSED,1,1.0,2023-11-22,1,1,1,1,1,NONE,V1,2026-03-15T23:24:06Z
2023-11-22,SMH,0.04,LIVE_FUSED,LIVE_FUSED,1,1.0,2023-11-22,1,1,1,1,1,NONE,V1,2026-03-15T23:24:06Z
2023-11-22,VOO_CORE,0.5599999999999999,LIVE_FUSED,LIVE_FUSED,1,1.0,2023-11-22,1,1,1,1,1,NONE,V1,2026-03-15T23:24:06Z
2023-12-04,IEF_CORE,0.4,LIVE_FUSED,LIVE_FUSED,1,1.0,2023-12-04,1,1,1,1,1,NONE,V1,2026-03-15T23:24:06Z
2023-12-04,SMH,0.04,LIVE_FUSED,LIVE_FUSED,1,1.0,2023-12-04,1,1,1,1,1,NONE,V1,2026-03-15T23:24:06Z
2023-12-04,VOO_CORE,0.5599999999999999,LIVE_FUSED,LIVE_FUSED,1,1.0,2023-12-04,1,1,1,1,1,NONE,V1,2026-03-15T23:24:06Z
2023-12-13,IEF_CORE,0.4,LIVE_FUSED,LIVE_FUSED,1,1.0,2023-12-13,1,1,1,1,1,NONE,V1,2026-03-15T23:24:06Z
2023-12-13,SMH,0.04,LIVE_FUSED,LIVE_FUSED,1,1.0,2023-12-13,1,1,1,1,1,NONE,V1,2026-03-15T23:24:06Z
2023-12-13,VOO_CORE,0.5599999999999999,LIVE_FUSED,LIVE_FUSED,1,1.0,2023-12-13,1,1,1,1,1,NONE,V1,2026-03-15T23:24:06Z
2023-12-22,IEF_CORE,0.4,LIVE_FUSED,LIVE_FUSED,1,1.0,2023-12-22,1,1,1,1,1,NONE,V1,2026-03-15T23:24:06Z
2023-12-22,SMH,0.04,LIVE_FUSED,LIVE_FUSED,1,1.0,2023-12-22,1,1,1,1,1,NONE,V1,2026-03-15T23:24:06Z
2023-12-22,VOO_CORE,0.5599999999999999,LIVE_FUSED,LIVE_FUSED,1,1.0,2023-12-22,1,1,1,1,1,NONE,V1,2026-03-15T23:24:06Z
2024-01-04,IEF_CORE,0.4,LIVE_FUSED,LIVE_FUSED,1,1.0,2024-01-04,1,1,1,1,1,NONE,V1,2026-03-15T23:24:06Z
2024-01-04,SMH,0.04,LIVE_FUSED,LIVE_FUSED,1,1.0,2024-01-04,1,1,1,1,1,NONE,V1,2026-03-15T23:24:06Z
2024-01-04,VOO_CORE,0.5599999999999999,LIVE_FUSED,LIVE_FUSED,1,1.0,2024-01-04,1,1,1,1,1,NONE,V1,2026-03-15T23:24:06Z
2024-01-16,IEF_CORE,0.4,LIVE_FUSED,LIVE_FUSED,1,1.0,2024-01-16,1,1,1,1,1,NONE,V1,2026-03-15T23:24:06Z
2024-01-16,SMH,0.04,LIVE_FUSED,LIVE_FUSED,1,1.0,2024-01-16,1,1,1,1,1,NONE,V1,2026-03-15T23:24:06Z
2024-01-16,VOO_CORE,0.5599999999999999,LIVE_FUSED,LIVE_FUSED,1,1.0,2024-01-16,1,1,1,1,1,NONE,V1,2026-03-15T23:24:06Z
2024-01-25,IEF_CORE,0.4,LIVE_FUSED,LIVE_FUSED,1,1.0,2024-01-25,1,1,1,1,1,NONE,V1,2026-03-15T23:24:06Z
2024-01-25,SMH,0.04,LIVE_FUSED,LIVE_FUSED,1,1.0,2024-01-25,1,1,1,1,1,NONE,V1,2026-03-15T23:24:06Z
2024-01-25,VOO_CORE,0.5599999999999999,LIVE_FUSED,LIVE_FUSED,1,1.0,2024-01-25,1,1,1,1,1,NONE,V1,2026-03-15T23:24:06Z
2024-02-05,IEF_CORE,0.4,LIVE_FUSED,LIVE_FUSED,1,1.0,2024-02-05,1,1,1,1,1,NONE,V1,2026-03-15T23:24:06Z
2024-02-05,SMH,0.04,LIVE_FUSED,LIVE_FUSED,1,1.0,2024-02-05,1,1,1,1,1,NONE,V1,2026-03-15T23:24:06Z
2024-02-05,VOO_CORE,0.5599999999999999,LIVE_FUSED,LIVE_FUSED,1,1.0,2024-02-05,1,1,1,1,1,NONE,V1,2026-03-15T23:24:06Z
2024-02-14,IEF_CORE,0.4,LIVE_FUSED,LIVE_FUSED,1,1.0,2024-02-14,1,1,1,1,1,NONE,V1,2026-03-15T23:24:06Z
2024-02-14,SMH,0.04,LIVE_FUSED,LIVE_FUSED,1,1.0,2024-02-14,1,1,1,1,1,NONE,V1,2026-03-15T23:24:06Z
2024-02-14,VOO_CORE,0.5599999999999999,LIVE_FUSED,LIVE_FUSED,1,1.0,2024-02-14,1,1,1,1,1,NONE,V1,2026-03-15T23:24:06Z
2024-02-26,IEF_CORE,0.4,LIVE_FUSED,LIVE_FUSED,1,1.0,2024-02-26,1,1,1,1,1,NONE,V1,2026-03-15T23:24:06Z
2024-02-26,SMH,0.04,LIVE_FUSED,LIVE_FUSED,1,1.0,2024-02-26,1,1,1,1,1,NONE,V1,2026-03-15T23:24:06Z
2024-02-26,VOO_CORE,0.5599999999999999,LIVE_FUSED,LIVE_FUSED,1,1.0,2024-02-26,1,1,1,1,1,NONE,V1,2026-03-15T23:24:06Z
2024-03-06,IEF_CORE,0.4,LIVE_FUSED,LIVE_FUSED,1,1.0,2024-03-06,1,1,1,1,1,NONE,V1,2026-03-15T23:24:06Z
2024-03-06,SMH,0.04,LIVE_FUSED,LIVE_FUSED,1,1.0,2024-03-06,1,1,1,1,1,NONE,V1,2026-03-15T23:24:06Z
2024-03-06,VOO_CORE,0.5599999999999999,LIVE_FUSED,LIVE_FUSED,1,1.0,2024-03-06,1,1,1,1,1,NONE,V1,2026-03-15T23:24:06Z
2024-03-15,IEF_CORE,0.4,LIVE_FUSED,LIVE_FUSED,1,1.0,2024-03-15,1,1,1,1,1,NONE,V1,2026-03-15T23:24:06Z
2024-03-15,SMH,0.04,LIVE_FUSED,LIVE_FUSED,1,1.0,2024-03-15,1,1,1,1,1,NONE,V1,2026-03-15T23:24:06Z
2024-03-15,VOO_CORE,0.5599999999999999,LIVE_FUSED,LIVE_FUSED,1,1.0,2024-03-15,1,1,1,1,1,NONE,V1,2026-03-15T23:24:06Z
2024-03-26,IEF_CORE,0.4,LIVE_FUSED,LIVE_FUSED,1,1.0,2024-03-26,1,1,1,1,1,NONE,V1,2026-03-15T23:24:06Z
2024-03-26,SMH,0.04,LIVE_FUSED,LIVE_FUSED,1,1.0,2024-03-26,1,1,1,1,1,NONE,V1,2026-03-15T23:24:06Z
2024-03-26,VOO_CORE,0.5599999999999999,LIVE_FUSED,LIVE_FUSED,1,1.0,2024-03-26,1,1,1,1,1,NONE,V1,2026-03-15T23:24:06Z
2024-04-05,IEF_CORE,0.4,LIVE_FUSED,LIVE_FUSED,1,1.0,2024-04-05,1,1,1,1,1,NONE,V1,2026-03-15T23:24:06Z
2024-04-05,SMH,0.04,LIVE_FUSED,LIVE_FUSED,1,1.0,2024-04-05,1,1,1,1,1,NONE,V1,2026-03-15T23:24:06Z
2024-04-05,VOO_CORE,0.5599999999999999,LIVE_FUSED,LIVE_FUSED,1,1.0,2024-04-05,1,1,1,1,1,NONE,V1,2026-03-15T23:24:06Z
2024-04-16,IEF_CORE,0.4,LIVE_FUSED,LIVE_FUSED,1,1.0,2024-04-16,1,1,1,1,1,NONE,V1,2026-03-15T23:24:06Z
2024-04-16,SMH,0.04,LIVE_FUSED,LIVE_FUSED,1,1.0,2024-04-16,1,1,1,1,1,NONE,V1,2026-03-15T23:24:06Z
2024-04-16,VOO_CORE,0.5599999999999999,LIVE_FUSED,LIVE_FUSED,1,1.0,2024-04-16,1,1,1,1,1,NONE,V1,2026-03-15T23:24:06Z
2024-04-25,IEF_CORE,0.4,LIVE_FUSED,LIVE_FUSED,1,1.0,2024-04-25,1,1,1,1,1,NONE,V1,2026-03-15T23:24:06Z
2024-04-25,SMH,0.04,LIVE_FUSED,LIVE_FUSED,1,1.0,2024-04-25,1,1,1,1,1,NONE,V1,2026-03-15T23:24:06Z
2024-04-25,VOO_CORE,0.5599999999999999,LIVE_FUSED,LIVE_FUSED,1,1.0,2024-04-25,1,1,1,1,1,NONE,V1,2026-03-15T23:24:06Z
2024-05-06,IEF_CORE,0.4,LIVE_FUSED,LIVE_FUSED,1,1.0,2024-05-06,1,1,1,1,1,NONE,V1,2026-03-15T23:24:06Z
2024-05-06,IWM,0.04,LIVE_FUSED,LIVE_FUSED,1,1.0,2024-05-06,1,1,1,1,1,NONE,V1,2026-03-15T23:24:06Z
2024-05-06,SMH,0.04,LIVE_FUSED,LIVE_FUSED,1,1.0,2024-05-06,1,1,1,1,1,NONE,V1,2026-03-15T23:24:06Z
2024-05-06,VOO_CORE,0.52,LIVE_FUSED,LIVE_FUSED,1,1.0,2024-05-06,1,1,1,1,1,NONE,V1,2026-03-15T23:24:06Z
2024-05-15,IEF_CORE,0.4,LIVE_FUSED,LIVE_FUSED,1,1.0,2024-05-15,1,1,1,1,1,NONE,V1,2026-03-15T23:24:06Z
2024-05-15,SMH,0.04,LIVE_FUSED,LIVE_FUSED,1,1.0,2024-05-15,1,1,1,1,1,NONE,V1,2026-03-15T23:24:06Z
2024-05-15,VOO_CORE,0.5599999999999999,LIVE_FUSED,LIVE_FUSED,1,1.0,2024-05-15,1,1,1,1,1,NONE,V1,2026-03-15T23:24:06Z
2024-05-24,EFA,0.04,LIVE_FUSED,LIVE_FUSED,1,1.0,2024-05-24,1,1,1,1,1,NONE,V1,2026-03-15T23:24:06Z
2024-05-24,IEF_CORE,0.4,LIVE_FUSED,LIVE_FUSED,1,1.0,2024-05-24,1,1,1,1,1,NONE,V1,2026-03-15T23:24:06Z
2024-05-24,SMH,0.04,LIVE_FUSED,LIVE_FUSED,1,1.0,2024-05-24,1,1,1,1,1,NONE,V1,2026-03-15T23:24:06Z
2024-05-24,VOO_CORE,0.52,LIVE_FUSED,LIVE_FUSED,1,1.0,2024-05-24,1,1,1,1,1,NONE,V1,2026-03-15T23:24:06Z
2024-06-05,IEF_CORE,0.4,LIVE_FUSED,LIVE_FUSED,1,1.0,2024-06-05,1,1,1,1,1,NONE,V1,2026-03-15T23:24:06Z
2024-06-05,SMH,0.04,LIVE_FUSED,LIVE_FUSED,1,1.0,2024-06-05,1,1,1,1,1,NONE,V1,2026-03-15T23:24:06Z
2024-06-05,VOO_CORE,0.5599999999999999,LIVE_FUSED,LIVE_FUSED,1,1.0,2024-06-05,1,1,1,1,1,NONE,V1,2026-03-15T23:24:06Z
2024-06-14,IEF_CORE,0.4,LIVE_FUSED,LIVE_FUSED,1,1.0,2024-06-14,1,1,1,1,1,NONE,V1,2026-03-15T23:24:06Z
2024-06-14,SMH,0.04,LIVE_FUSED,LIVE_FUSED,1,1.0,2024-06-14,1,1,1,1,1,NONE,V1,2026-03-15T23:24:06Z
2024-06-14,VOO_CORE,0.5599999999999999,LIVE_FUSED,LIVE_FUSED,1,1.0,2024-06-14,1,1,1,1,1,NONE,V1,2026-03-15T23:24:06Z
2024-06-26,IEF_CORE,0.4,LIVE_FUSED,LIVE_FUSED,1,1.0,2024-06-26,1,1,1,1,1,NONE,V1,2026-03-15T23:24:06Z
2024-06-26,SMH,0.04,LIVE_FUSED,LIVE_FUSED,1,1.0,2024-06-26,1,1,1,1,1,NONE,V1,2026-03-15T23:24:06Z
2024-06-26,VOO_CORE,0.5599999999999999,LIVE_FUSED,LIVE_FUSED,1,1.0,2024-06-26,1,1,1,1,1,NONE,V1,2026-03-15T23:24:06Z
2024-07-08,IEF_CORE,0.4,LIVE_FUSED,LIVE_FUSED,1,1.0,2024-07-08,1,1,1,1,1,NONE,V1,2026-03-15T23:24:06Z
2024-07-08,SMH,0.04,LIVE_FUSED,LIVE_FUSED,1,1.0,2024-07-08,1,1,1,1,1,NONE,V1,2026-03-15T23:24:06Z
2024-07-08,VOO_CORE,0.5599999999999999,LIVE_FUSED,LIVE_FUSED,1,1.0,2024-07-08,1,1,1,1,1,NONE,V1,2026-03-15T23:24:06Z
2024-07-17,IEF_CORE,0.4,LIVE_FUSED,LIVE_FUSED,1,1.0,2024-07-17,1,1,1,1,1,NONE,V1,2026-03-15T23:24:06Z
2024-07-17,SMH,0.04,LIVE_FUSED,LIVE_FUSED,1,1.0,2024-07-17,1,1,1,1,1,NONE,V1,2026-03-15T23:24:06Z
2024-07-17,VOO_CORE,0.5599999999999999,LIVE_FUSED,LIVE_FUSED,1,1.0,2024-07-17,1,1,1,1,1,NONE,V1,2026-03-15T23:24:06Z
2024-07-26,IEF_CORE,0.4,LIVE_FUSED,LIVE_FUSED,1,1.0,2024-07-26,1,1,1,1,1,NONE,V1,2026-03-15T23:24:06Z
2024-07-26,SMH,0.04,LIVE_FUSED,LIVE_FUSED,1,1.0,2024-07-26,1,1,1,1,1,NONE,V1,2026-03-15T23:24:06Z
2024-07-26,VOO_CORE,0.5599999999999999,LIVE_FUSED,LIVE_FUSED,1,1.0,2024-07-26,1,1,1,1,1,NONE,V1,2026-03-15T23:24:06Z
2024-08-06,IEF_CORE,0.4,LIVE_FUSED,LIVE_FUSED,1,1.0,2024-08-06,1,1,1,1,1,NONE,V1,2026-03-15T23:24:06Z
2024-08-06,SMH,0.02,LIVE_FUSED,LIVE_FUSED,1,1.0,2024-08-06,1,1,1,1,1,NONE,V1,2026-03-15T23:24:06Z
2024-08-06,VOO_CORE,0.58,LIVE_FUSED,LIVE_FUSED,1,1.0,2024-08-06,1,1,1,1,1,NONE,V1,2026-03-15T23:24:06Z
2024-08-15,IEF_CORE,0.4,LIVE_FUSED,LIVE_FUSED,1,1.0,2024-08-15,1,1,1,1,1,NONE,V1,2026-03-15T23:24:06Z
2024-08-15,SMH,0.02,LIVE_FUSED,LIVE_FUSED,1,1.0,2024-08-15,1,1,1,1,1,NONE,V1,2026-03-15T23:24:06Z
2024-08-15,VOO_CORE,0.58,LIVE_FUSED,LIVE_FUSED,1,1.0,2024-08-15,1,1,1,1,1,NONE,V1,2026-03-15T23:24:06Z
2024-08-26,IEF_CORE,0.4,LIVE_FUSED,LIVE_FUSED,1,1.0,2024-08-26,1,1,1,1,1,NONE,V1,2026-03-15T23:24:06Z
2024-08-26,SMH,0.02,LIVE_FUSED,LIVE_FUSED,1,1.0,2024-08-26,1,1,1,1,1,NONE,V1,2026-03-15T23:24:06Z
2024-08-26,VOO_CORE,0.58,LIVE_FUSED,LIVE_FUSED,1,1.0,2024-08-26,1,1,1,1,1,NONE,V1,2026-03-15T23:24:06Z
2024-09-05,IEF_CORE,0.4,LIVE_FUSED,LIVE_FUSED,1,1.0,2024-09-05,1,1,1,1,1,NONE,V1,2026-03-15T23:24:06Z
2024-09-05,SMH,0.02,LIVE_FUSED,LIVE_FUSED,1,1.0,2024-09-05,1,1,1,1,1,NONE,V1,2026-03-15T23:24:06Z
2024-09-05,VOO_CORE,0.58,LIVE_FUSED,LIVE_FUSED,1,1.0,2024-09-05,1,1,1,1,1,NONE,V1,2026-03-15T23:24:06Z
2024-09-16,IEF_CORE,0.4,LIVE_FUSED,LIVE_FUSED,1,1.0,2024-09-16,1,1,1,1,1,NONE,V1,2026-03-15T23:24:06Z
2024-09-16,SMH,0.02,LIVE_FUSED,LIVE_FUSED,1,1.0,2024-09-16,1,1,1,1,1,NONE,V1,2026-03-15T23:24:06Z
2024-09-16,VOO_CORE,0.58,LIVE_FUSED,LIVE_FUSED,1,1.0,2024-09-16,1,1,1,1,1,NONE,V1,2026-03-15T23:24:06Z
2024-09-25,IEF_CORE,0.4,LIVE_FUSED,LIVE_FUSED,1,1.0,2024-09-25,1,1,1,1,1,NONE,V1,2026-03-15T23:24:06Z
2024-09-25,SMH,0.02,LIVE_FUSED,LIVE_FUSED,1,1.0,2024-09-25,1,1,1,1,1,NONE,V1,2026-03-15T23:24:06Z
2024-09-25,VOO_CORE,0.58,LIVE_FUSED,LIVE_FUSED,1,1.0,2024-09-25,1,1,1,1,1,NONE,V1,2026-03-15T23:24:06Z
2024-10-04,IEF_CORE,0.4,LIVE_FUSED,LIVE_FUSED,1,1.0,2024-10-04,1,1,1,1,1,NONE,V1,2026-03-15T23:24:06Z
2024-10-04,SMH,0.04,LIVE_FUSED,LIVE_FUSED,1,1.0,2024-10-04,1,1,1,1,1,NONE,V1,2026-03-15T23:24:06Z
2024-10-04,VOO_CORE,0.5599999999999999,LIVE_FUSED,LIVE_FUSED,1,1.0,2024-10-04,1,1,1,1,1,NONE,V1,2026-03-15T23:24:06Z
2024-10-15,IEF_CORE,0.4,LIVE_FUSED,LIVE_FUSED,1,1.0,2024-10-15,1,1,1,1,1,NONE,V1,2026-03-15T23:24:06Z
2024-10-15,SMH,0.04,LIVE_FUSED,LIVE_FUSED,1,1.0,2024-10-15,1,1,1,1,1,NONE,V1,2026-03-15T23:24:06Z
2024-10-15,VOO_CORE,0.5599999999999999,LIVE_FUSED,LIVE_FUSED,1,1.0,2024-10-15,1,1,1,1,1,NONE,V1,2026-03-15T23:24:06Z
2024-10-24,IEF_CORE,0.4,LIVE_FUSED,LIVE_FUSED,1,1.0,,1,1,1,1,1,NONE,V1,2026-03-15T23:24:06Z
2024-10-24,VOO_CORE,0.6,LIVE_FUSED,LIVE_FUSED,1,1.0,,1,1,1,1,1,NONE,V1,2026-03-15T23:24:06Z
2024-11-04,IEF_CORE,0.4,LIVE_FUSED,LIVE_FUSED,1,1.0,2024-11-04,1,1,1,1,1,NONE,V1,2026-03-15T23:24:06Z
2024-11-04,SMH,0.04,LIVE_FUSED,LIVE_FUSED,1,1.0,2024-11-04,1,1,1,1,1,NONE,V1,2026-03-15T23:24:06Z
2024-11-04,VOO_CORE,0.5599999999999999,LIVE_FUSED,LIVE_FUSED,1,1.0,2024-11-04,1,1,1,1,1,NONE,V1,2026-03-15T23:24:06Z
2024-11-13,IEF_CORE,0.4,LIVE_FUSED,LIVE_FUSED,1,1.0,2024-11-13,1,1,1,1,1,NONE,V1,2026-03-15T23:24:06Z
2024-11-13,SMH,0.04,LIVE_FUSED,LIVE_FUSED,1,1.0,2024-11-13,1,1,1,1,1,NONE,V1,2026-03-15T23:24:06Z
2024-11-13,VOO_CORE,0.5599999999999999,LIVE_FUSED,LIVE_FUSED,1,1.0,2024-11-13,1,1,1,1,1,NONE,V1,2026-03-15T23:24:06Z
2024-11-22,IEF_CORE,0.4,LIVE_FUSED,LIVE_FUSED,1,1.0,2024-11-22,1,1,1,1,1,NONE,V1,2026-03-15T23:24:06Z
2024-11-22,SMH,0.04,LIVE_FUSED,LIVE_FUSED,1,1.0,2024-11-22,1,1,1,1,1,NONE,V1,2026-03-15T23:24:06Z
2024-11-22,VOO_CORE,0.5599999999999999,LIVE_FUSED,LIVE_FUSED,1,1.0,2024-11-22,1,1,1,1,1,NONE,V1,2026-03-15T23:24:06Z
2024-12-04,IEF_CORE,0.4,LIVE_FUSED,LIVE_FUSED,1,1.0,2024-12-04,1,1,1,1,1,NONE,V1,2026-03-15T23:24:06Z
2024-12-04,SMH,0.04,LIVE_FUSED,LIVE_FUSED,1,1.0,2024-12-04,1,1,1,1,1,NONE,V1,2026-03-15T23:24:06Z
2024-12-04,VOO_CORE,0.5599999999999999,LIVE_FUSED,LIVE_FUSED,1,1.0,2024-12-04,1,1,1,1,1,NONE,V1,2026-03-15T23:24:06Z
2024-12-13,IEF_CORE,0.4,LIVE_FUSED,LIVE_FUSED,1,1.0,,1,1,1,1,1,NONE,V1,2026-03-15T23:24:06Z
2024-12-13,VOO_CORE,0.6,LIVE_FUSED,LIVE_FUSED,1,1.0,,1,1,1,1,1,NONE,V1,2026-03-15T23:24:06Z
2024-12-24,IEF_CORE,0.4,LIVE_FUSED,LIVE_FUSED,1,1.0,2024-12-24,1,1,1,1,1,NONE,V1,2026-03-15T23:24:06Z
2024-12-24,IWM,0.04,LIVE_FUSED,LIVE_FUSED,1,1.0,2024-12-24,1,1,1,1,1,NONE,V1,2026-03-15T23:24:06Z
2024-12-24,VOO_CORE,0.5599999999999999,LIVE_FUSED,LIVE_FUSED,1,1.0,2024-12-24,1,1,1,1,1,NONE,V1,2026-03-15T23:24:06Z
2025-01-06,IEF_CORE,0.4,LIVE_FUSED,LIVE_FUSED,1,1.0,2025-01-06,1,1,1,1,1,NONE,V1,2026-03-15T23:24:06Z
2025-01-06,IWM,0.04,LIVE_FUSED,LIVE_FUSED,1,1.0,2025-01-06,1,1,1,1,1,NONE,V1,2026-03-15T23:24:06Z
2025-01-06,VOO_CORE,0.5599999999999999,LIVE_FUSED,LIVE_FUSED,1,1.0,2025-01-06,1,1,1,1,1,NONE,V1,2026-03-15T23:24:06Z
2025-01-16,IEF_CORE,0.4,LIVE_FUSED,LIVE_FUSED,1,1.0,,1,1,1,1,1,NONE,V1,2026-03-15T23:24:06Z
2025-01-16,VOO_CORE,0.6,LIVE_FUSED,LIVE_FUSED,1,1.0,,1,1,1,1,1,NONE,V1,2026-03-15T23:24:06Z
2025-01-28,IEF_CORE,0.4,LIVE_FUSED,LIVE_FUSED,1,1.0,2025-01-28,1,1,1,1,1,NONE,V1,2026-03-15T23:24:06Z
2025-01-28,IWM,0.04,LIVE_FUSED,LIVE_FUSED,1,1.0,2025-01-28,1,1,1,1,1,NONE,V1,2026-03-15T23:24:06Z
2025-01-28,VOO_CORE,0.5599999999999999,LIVE_FUSED,LIVE_FUSED,1,1.0,2025-01-28,1,1,1,1,1,NONE,V1,2026-03-15T23:24:06Z
2025-02-06,IEF_CORE,0.4,LIVE_FUSED,LIVE_FUSED,1,1.0,,1,1,1,1,1,NONE,V1,2026-03-15T23:24:06Z
2025-02-06,VOO_CORE,0.6,LIVE_FUSED,LIVE_FUSED,1,1.0,,1,1,1,1,1,NONE,V1,2026-03-15T23:24:06Z
2025-02-18,IEF_CORE,0.4,LIVE_FUSED,LIVE_FUSED,1,1.0,2025-02-18,1,1,1,1,1,NONE,V1,2026-03-15T23:24:06Z
2025-02-18,SMH,0.04,LIVE_FUSED,LIVE_FUSED,1,1.0,2025-02-18,1,1,1,1,1,NONE,V1,2026-03-15T23:24:06Z
2025-02-18,VOO_CORE,0.5599999999999999,LIVE_FUSED,LIVE_FUSED,1,1.0,2025-02-18,1,1,1,1,1,NONE,V1,2026-03-15T23:24:06Z
2025-02-27,IEF_CORE,0.4,LIVE_FUSED,LIVE_FUSED,1,1.0,,1,1,1,1,1,NONE,V1,2026-03-15T23:24:06Z
2025-02-27,VOO_CORE,0.6,LIVE_FUSED,LIVE_FUSED,1,1.0,,1,1,1,1,1,NONE,V1,2026-03-15T23:24:06Z
2025-03-10,IEF_CORE,0.4,LIVE_FUSED,LIVE_FUSED,1,1.0,,1,1,1,1,1,NONE,V1,2026-03-15T23:24:06Z
2025-03-10,VOO_CORE,0.6,LIVE_FUSED,LIVE_FUSED,1,1.0,,1,1,1,1,1,NONE,V1,2026-03-15T23:24:06Z
2025-03-19,IEF_CORE,0.4,LIVE_FUSED,LIVE_FUSED,1,1.0,2025-03-19,1,1,1,1,1,NONE,V1,2026-03-15T23:24:06Z
2025-03-19,SMH,0.04,LIVE_FUSED,LIVE_FUSED,1,1.0,2025-03-19,1,1,1,1,1,NONE,V1,2026-03-15T23:24:06Z
2025-03-19,VOO_CORE,0.5599999999999999,LIVE_FUSED,LIVE_FUSED,1,1.0,2025-03-19,1,1,1,1,1,NONE,V1,2026-03-15T23:24:06Z
2025-03-28,IEF_CORE,0.4,LIVE_FUSED,LIVE_FUSED,1,1.0,2025-03-28,1,1,1,1,1,NONE,V1,2026-03-15T23:24:06Z
2025-03-28,SMH,0.02,LIVE_FUSED,LIVE_FUSED,1,1.0,2025-03-28,1,1,1,1,1,NONE,V1,2026-03-15T23:24:06Z
2025-03-28,VOO_CORE,0.58,LIVE_FUSED,LIVE_FUSED,1,1.0,2025-03-28,1,1,1,1,1,NONE,V1,2026-03-15T23:24:06Z
2025-04-08,IEF_CORE,0.6164037032987906,LIVE_FUSED,LIVE_FUSED,1,1.0,,1,1,1,1,1,NONE,V1,2026-03-15T23:24:06Z
2025-04-08,VOO_CORE,0.3835962967012094,LIVE_FUSED,LIVE_FUSED,1,1.0,,1,1,1,1,1,NONE,V1,2026-03-15T23:24:06Z
2025-04-17,EFA,0.02,LIVE_FUSED,LIVE_FUSED,1,1.0,2025-04-17,1,1,1,1,1,NONE,V1,2026-03-15T23:24:06Z
2025-04-17,IEF_CORE,0.6164037032987906,LIVE_FUSED,LIVE_FUSED,1,1.0,2025-04-17,1,1,1,1,1,NONE,V1,2026-03-15T23:24:06Z
2025-04-17,VOO_CORE,0.3635962967012094,LIVE_FUSED,LIVE_FUSED,1,1.0,2025-04-17,1,1,1,1,1,NONE,V1,2026-03-15T23:24:06Z
2025-04-29,EFA,0.02,LIVE_FUSED,LIVE_FUSED,1,1.0,2025-04-29,1,1,1,1,1,NONE,V1,2026-03-15T23:24:06Z
2025-04-29,IEF_CORE,0.45009691321927225,LIVE_FUSED,LIVE_FUSED,1,1.0,2025-04-29,1,1,1,1,1,NONE,V1,2026-03-15T23:24:06Z
2025-04-29,VOO_CORE,0.5299030867807277,LIVE_FUSED,LIVE_FUSED,1,1.0,2025-04-29,1,1,1,1,1,NONE,V1,2026-03-15T23:24:06Z
2025-05-08,EFA,0.02,LIVE_FUSED,LIVE_FUSED,1,1.0,2025-05-08,1,1,1,1,1,NONE,V1,2026-03-15T23:24:06Z
2025-05-08,IEF_CORE,0.45009691321927225,LIVE_FUSED,LIVE_FUSED,1,1.0,2025-05-08,1,1,1,1,1,NONE,V1,2026-03-15T23:24:06Z
2025-05-08,VOO_CORE,0.5299030867807277,LIVE_FUSED,LIVE_FUSED,1,1.0,2025-05-08,1,1,1,1,1,NONE,V1,2026-03-15T23:24:06Z
2025-05-19,EFA,0.02,LIVE_FUSED,LIVE_FUSED,1,1.0,2025-05-19,1,1,1,1,1,NONE,V1,2026-03-15T23:24:06Z
2025-05-19,IEF_CORE,0.45009691321927225,LIVE_FUSED,LIVE_FUSED,1,1.0,2025-05-19,1,1,1,1,1,NONE,V1,2026-03-15T23:24:06Z
2025-05-19,VOO_CORE,0.5299030867807277,LIVE_FUSED,LIVE_FUSED,1,1.0,2025-05-19,1,1,1,1,1,NONE,V1,2026-03-15T23:24:06Z
2025-05-29,EFA,0.02,LIVE_FUSED,LIVE_FUSED,1,1.0,2025-05-29,1,1,1,1,1,NONE,V1,2026-03-15T23:24:06Z
2025-05-29,IEF_CORE,0.6170489421684537,LIVE_FUSED,LIVE_FUSED,1,1.0,2025-05-29,1,1,1,1,1,NONE,V1,2026-03-15T23:24:06Z
2025-05-29,VOO_CORE,0.3629510578315462,LIVE_FUSED,LIVE_FUSED,1,1.0,2025-05-29,1,1,1,1,1,NONE,V1,2026-03-15T23:24:06Z
2025-06-09,EFA,0.02,LIVE_FUSED,LIVE_FUSED,1,1.0,2025-06-09,1,1,1,1,1,NONE,V1,2026-03-15T23:24:06Z
2025-06-09,IEF_CORE,0.6170489421684537,LIVE_FUSED,LIVE_FUSED,1,1.0,2025-06-09,1,1,1,1,1,NONE,V1,2026-03-15T23:24:06Z
2025-06-09,VOO_CORE,0.3629510578315462,LIVE_FUSED,LIVE_FUSED,1,1.0,2025-06-09,1,1,1,1,1,NONE,V1,2026-03-15T23:24:06Z
2025-06-18,IEF_CORE,0.4,LIVE_FUSED,LIVE_FUSED,1,1.0,2025-06-18,1,1,1,1,1,NONE,V1,2026-03-15T23:24:06Z
2025-06-18,SMH,0.04,LIVE_FUSED,LIVE_FUSED,1,1.0,2025-06-18,1,1,1,1,1,NONE,V1,2026-03-15T23:24:06Z
2025-06-18,VOO_CORE,0.5599999999999999,LIVE_FUSED,LIVE_FUSED,1,1.0,2025-06-18,1,1,1,1,1,NONE,V1,2026-03-15T23:24:06Z
2025-06-30,IEF_CORE,0.49947442214707294,LIVE_FUSED,LIVE_FUSED,1,1.0,2025-06-30,1,1,1,1,1,NONE,V1,2026-03-15T23:24:06Z
2025-06-30,IWM,0.04,LIVE_FUSED,LIVE_FUSED,1,1.0,2025-06-30,1,1,1,1,1,NONE,V1,2026-03-15T23:24:06Z
2025-06-30,VOO_CORE,0.4605255778529271,LIVE_FUSED,LIVE_FUSED,1,1.0,2025-06-30,1,1,1,1,1,NONE,V1,2026-03-15T23:24:06Z
2025-07-10,EEM,0.04,LIVE_FUSED,LIVE_FUSED,1,1.0,2025-07-10,1,1,1,1,1,NONE,V1,2026-03-15T23:24:06Z
2025-07-10,IEF_CORE,0.4,LIVE_FUSED,LIVE_FUSED,1,1.0,2025-07-10,1,1,1,1,1,NONE,V1,2026-03-15T23:24:06Z
2025-07-10,VOO_CORE,0.5599999999999999,LIVE_FUSED,LIVE_FUSED,1,1.0,2025-07-10,1,1,1,1,1,NONE,V1,2026-03-15T23:24:06Z
2025-07-21,IEF_CORE,0.4,LIVE_FUSED,LIVE_FUSED,1,1.0,2025-07-21,1,1,1,1,1,NONE,V1,2026-03-15T23:24:06Z
2025-07-21,IWM,0.04,LIVE_FUSED,LIVE_FUSED,1,1.0,2025-07-21,1,1,1,1,1,NONE,V1,2026-03-15T23:24:06Z
2025-07-21,VOO_CORE,0.5599999999999999,LIVE_FUSED,LIVE_FUSED,1,1.0,2025-07-21,1,1,1,1,1,NONE,V1,2026-03-15T23:24:06Z
2025-07-30,IEF_CORE,0.4,LIVE_FUSED,LIVE_FUSED,1,1.0,2025-07-30,1,1,1,1,1,NONE,V1,2026-03-15T23:24:06Z
2025-07-30,IWM,0.04,LIVE_FUSED,LIVE_FUSED,1,1.0,2025-07-30,1,1,1,1,1,NONE,V1,2026-03-15T23:24:06Z
2025-07-30,VOO_CORE,0.5599999999999999,LIVE_FUSED,LIVE_FUSED,1,1.0,2025-07-30,1,1,1,1,1,NONE,V1,2026-03-15T23:24:06Z
2025-08-08,IEF_CORE,0.4,LIVE_FUSED,LIVE_FUSED,1,1.0,2025-08-08,1,1,1,1,1,NONE,V1,2026-03-15T23:24:06Z
2025-08-08,IWM,0.04,LIVE_FUSED,LIVE_FUSED,1,1.0,2025-08-08,1,1,1,1,1,NONE,V1,2026-03-15T23:24:06Z
2025-08-08,VOO_CORE,0.5599999999999999,LIVE_FUSED,LIVE_FUSED,1,1.0,2025-08-08,1,1,1,1,1,NONE,V1,2026-03-15T23:24:06Z
2025-08-19,IEF_CORE,0.4,LIVE_FUSED,LIVE_FUSED,1,1.0,2025-08-19,1,1,1,1,1,NONE,V1,2026-03-15T23:24:06Z
2025-08-19,IWM,0.04,LIVE_FUSED,LIVE_FUSED,1,1.0,2025-08-19,1,1,1,1,1,NONE,V1,2026-03-15T23:24:06Z
2025-08-19,VOO_CORE,0.5599999999999999,LIVE_FUSED,LIVE_FUSED,1,1.0,2025-08-19,1,1,1,1,1,NONE,V1,2026-03-15T23:24:06Z
2025-08-28,IEF_CORE,0.4,LIVE_FUSED,LIVE_FUSED,1,1.0,2025-08-28,1,1,1,1,1,NONE,V1,2026-03-15T23:24:06Z
2025-08-28,SMH,0.04,LIVE_FUSED,LIVE_FUSED,1,1.0,2025-08-28,1,1,1,1,1,NONE,V1,2026-03-15T23:24:06Z
2025-08-28,VOO_CORE,0.5599999999999999,LIVE_FUSED,LIVE_FUSED,1,1.0,2025-08-28,1,1,1,1,1,NONE,V1,2026-03-15T23:24:06Z
2025-09-09,IEF_CORE,0.4,LIVE_FUSED,LIVE_FUSED,1,1.0,2025-09-09,1,1,1,1,1,NONE,V1,2026-03-15T23:24:06Z
2025-09-09,SMH,0.04,LIVE_FUSED,LIVE_FUSED,1,1.0,2025-09-09,1,1,1,1,1,NONE,V1,2026-03-15T23:24:06Z
2025-09-09,VOO_CORE,0.5599999999999999,LIVE_FUSED,LIVE_FUSED,1,1.0,2025-09-09,1,1,1,1,1,NONE,V1,2026-03-15T23:24:06Z
2025-09-18,IEF_CORE,0.4,LIVE_FUSED,LIVE_FUSED,1,1.0,2025-09-18,1,1,1,1,1,NONE,V1,2026-03-15T23:24:06Z
2025-09-18,IWM,0.04,LIVE_FUSED,LIVE_FUSED,1,1.0,2025-09-18,1,1,1,1,1,NONE,V1,2026-03-15T23:24:06Z
2025-09-18,VOO_CORE,0.5599999999999999,LIVE_FUSED,LIVE_FUSED,1,1.0,2025-09-18,1,1,1,1,1,NONE,V1,2026-03-15T23:24:06Z
2025-09-29,IEF_CORE,0.4,LIVE_FUSED,LIVE_FUSED,1,1.0,2025-09-29,1,1,1,1,1,NONE,V1,2026-03-15T23:24:06Z
2025-09-29,IWM,0.04,LIVE_FUSED,LIVE_FUSED,1,1.0,2025-09-29,1,1,1,1,1,NONE,V1,2026-03-15T23:24:06Z
2025-09-29,VOO_CORE,0.5599999999999999,LIVE_FUSED,LIVE_FUSED,1,1.0,2025-09-29,1,1,1,1,1,NONE,V1,2026-03-15T23:24:06Z
2025-10-08,IEF_CORE,0.4,LIVE_FUSED,LIVE_FUSED,1,1.0,2025-10-08,1,1,1,1,1,NONE,V1,2026-03-15T23:24:06Z
2025-10-08,IWM,0.04,LIVE_FUSED,LIVE_FUSED,1,1.0,2025-10-08,1,1,1,1,1,NONE,V1,2026-03-15T23:24:06Z
2025-10-08,VOO_CORE,0.5599999999999999,LIVE_FUSED,LIVE_FUSED,1,1.0,2025-10-08,1,1,1,1,1,NONE,V1,2026-03-15T23:24:06Z
2025-10-17,IEF_CORE,0.4,LIVE_FUSED,LIVE_FUSED,1,1.0,2025-10-17,1,1,1,1,1,NONE,V1,2026-03-15T23:24:06Z
2025-10-17,IWM,0.04,LIVE_FUSED,LIVE_FUSED,1,1.0,2025-10-17,1,1,1,1,1,NONE,V1,2026-03-15T23:24:06Z
2025-10-17,VOO_CORE,0.5599999999999999,LIVE_FUSED,LIVE_FUSED,1,1.0,2025-10-17,1,1,1,1,1,NONE,V1,2026-03-15T23:24:06Z
2025-10-28,IEF_CORE,0.4,LIVE_FUSED,LIVE_FUSED,1,1.0,2025-10-28,1,1,1,1,1,NONE,V1,2026-03-15T23:24:06Z
2025-10-28,IWM,0.04,LIVE_FUSED,LIVE_FUSED,1,1.0,2025-10-28,1,1,1,1,1,NONE,V1,2026-03-15T23:24:06Z
2025-10-28,VOO_CORE,0.5599999999999999,LIVE_FUSED,LIVE_FUSED,1,1.0,2025-10-28,1,1,1,1,1,NONE,V1,2026-03-15T23:24:06Z
2025-11-06,IEF_CORE,0.4,LIVE_FUSED,LIVE_FUSED,1,1.0,2025-11-06,1,1,1,1,1,NONE,V1,2026-03-15T23:24:06Z
2025-11-06,IWM,0.04,LIVE_FUSED,LIVE_FUSED,1,1.0,2025-11-06,1,1,1,1,1,NONE,V1,2026-03-15T23:24:06Z
2025-11-06,VOO_CORE,0.5599999999999999,LIVE_FUSED,LIVE_FUSED,1,1.0,2025-11-06,1,1,1,1,1,NONE,V1,2026-03-15T23:24:06Z
2025-11-17,IEF_CORE,0.4,LIVE_FUSED,LIVE_FUSED,1,1.0,2025-11-17,1,1,1,1,1,NONE,V1,2026-03-15T23:24:06Z
2025-11-17,IWM,0.04,LIVE_FUSED,LIVE_FUSED,1,1.0,2025-11-17,1,1,1,1,1,NONE,V1,2026-03-15T23:24:06Z
2025-11-17,VOO_CORE,0.5599999999999999,LIVE_FUSED,LIVE_FUSED,1,1.0,2025-11-17,1,1,1,1,1,NONE,V1,2026-03-15T23:24:06Z
2025-11-26,IEF_CORE,0.4,LIVE_FUSED,LIVE_FUSED,1,1.0,2025-11-26,1,1,1,1,1,NONE,V1,2026-03-15T23:24:06Z
2025-11-26,SMH,0.04,LIVE_FUSED,LIVE_FUSED,1,1.0,2025-11-26,1,1,1,1,1,NONE,V1,2026-03-15T23:24:06Z
2025-11-26,VOO_CORE,0.5599999999999999,LIVE_FUSED,LIVE_FUSED,1,1.0,2025-11-26,1,1,1,1,1,NONE,V1,2026-03-15T23:24:06Z
2025-12-08,IEF_CORE,0.4,LIVE_FUSED,LIVE_FUSED,1,1.0,2025-12-08,1,1,1,1,1,NONE,V1,2026-03-15T23:24:06Z
2025-12-08,SMH,0.04,LIVE_FUSED,LIVE_FUSED,1,1.0,2025-12-08,1,1,1,1,1,NONE,V1,2026-03-15T23:24:06Z
2025-12-08,VOO_CORE,0.5599999999999999,LIVE_FUSED,LIVE_FUSED,1,1.0,2025-12-08,1,1,1,1,1,NONE,V1,2026-03-15T23:24:06Z
2025-12-17,IEF_CORE,0.4,LIVE_FUSED,LIVE_FUSED,1,1.0,2025-12-17,1,1,1,1,1,NONE,V1,2026-03-15T23:24:06Z
2025-12-17,SMH,0.04,LIVE_FUSED,LIVE_FUSED,1,1.0,2025-12-17,1,1,1,1,1,NONE,V1,2026-03-15T23:24:06Z
2025-12-17,VOO_CORE,0.5599999999999999,LIVE_FUSED,LIVE_FUSED,1,1.0,2025-12-17,1,1,1,1,1,NONE,V1,2026-03-15T23:24:06Z
2025-12-29,IEF_CORE,0.4,LIVE_FUSED,LIVE_FUSED,1,1.0,2025-12-29,1,1,1,1,1,NONE,V1,2026-03-15T23:24:06Z
2025-12-29,SMH,0.04,LIVE_FUSED,LIVE_FUSED,1,1.0,2025-12-29,1,1,1,1,1,NONE,V1,2026-03-15T23:24:06Z
2025-12-29,VOO_CORE,0.5599999999999999,LIVE_FUSED,LIVE_FUSED,1,1.0,2025-12-29,1,1,1,1,1,NONE,V1,2026-03-15T23:24:06Z
2026-01-08,EFA,0.04,LIVE_FUSED,LIVE_FUSED,1,1.0,2026-01-08,1,1,1,1,1,NONE,V1,2026-03-15T23:24:06Z
2026-01-08,IEF_CORE,0.4,LIVE_FUSED,LIVE_FUSED,1,1.0,2026-01-08,1,1,1,1,1,NONE,V1,2026-03-15T23:24:06Z
2026-01-08,VOO_CORE,0.5599999999999999,LIVE_FUSED,LIVE_FUSED,1,1.0,2026-01-08,1,1,1,1,1,NONE,V1,2026-03-15T23:24:06Z
2026-01-20,IEF_CORE,0.4,LIVE_FUSED,LIVE_FUSED,1,1.0,2026-01-20,1,1,1,1,1,NONE,V1,2026-03-15T23:24:06Z
2026-01-20,IWM,0.04,LIVE_FUSED,LIVE_FUSED,1,1.0,2026-01-20,1,1,1,1,1,NONE,V1,2026-03-15T23:24:06Z
2026-01-20,VOO_CORE,0.5599999999999999,LIVE_FUSED,LIVE_FUSED,1,1.0,2026-01-20,1,1,1,1,1,NONE,V1,2026-03-15T23:24:06Z
2026-01-29,EFA,0.04,LIVE_FUSED,LIVE_FUSED,1,1.0,2026-01-29,1,1,1,1,1,NONE,V1,2026-03-15T23:24:06Z
2026-01-29,IEF_CORE,0.4,LIVE_FUSED,LIVE_FUSED,1,1.0,2026-01-29,1,1,1,1,1,NONE,V1,2026-03-15T23:24:06Z
2026-01-29,VOO_CORE,0.5599999999999999,LIVE_FUSED,LIVE_FUSED,1,1.0,2026-01-29,1,1,1,1,1,NONE,V1,2026-03-15T23:24:06Z
2026-02-09,EFA,0.04,LIVE_FUSED,LIVE_FUSED,1,1.0,2026-02-09,1,1,1,1,1,NONE,V1,2026-03-15T23:24:06Z
2026-02-09,IEF_CORE,0.4,LIVE_FUSED,LIVE_FUSED,1,1.0,2026-02-09,1,1,1,1,1,NONE,V1,2026-03-15T23:24:06Z
2026-02-09,VOO_CORE,0.5599999999999999,LIVE_FUSED,LIVE_FUSED,1,1.0,2026-02-09,1,1,1,1,1,NONE,V1,2026-03-15T23:24:06Z
2026-02-19,IEF_CORE,0.4,LIVE_FUSED,LIVE_FUSED,1,1.0,2026-02-19,1,1,1,1,1,NONE,V1,2026-03-15T23:24:06Z
2026-02-19,SMH,0.04,LIVE_FUSED,LIVE_FUSED,1,1.0,2026-02-19,1,1,1,1,1,NONE,V1,2026-03-15T23:24:06Z
2026-02-19,VOO_CORE,0.5599999999999999,LIVE_FUSED,LIVE_FUSED,1,1.0,2026-02-19,1,1,1,1,1,NONE,V1,2026-03-15T23:24:06Z
2026-03-02,IEF_CORE,0.4,LIVE_FUSED,LIVE_FUSED,1,1.0,2026-03-02,1,1,1,1,1,NONE,V1,2026-03-15T23:24:06Z
2026-03-02,SMH,0.04,LIVE_FUSED,LIVE_FUSED,1,1.0,2026-03-02,1,1,1,1,1,NONE,V1,2026-03-15T23:24:06Z
2026-03-02,VOO_CORE,0.5599999999999999,LIVE_FUSED,LIVE_FUSED,1,1.0,2026-03-02,1,1,1,1,1,NONE,V1,2026-03-15T23:24:06Z
2026-03-11,IEF_CORE,0.4,LIVE_FUSED,LIVE_FUSED,1,1.0,2026-03-11,1,1,1,1,1,NONE,V1,2026-03-15T23:24:06Z
2026-03-11,SMH,0.04,LIVE_FUSED,LIVE_FUSED,1,1.0,2026-03-11,1,1,1,1,1,NONE,V1,2026-03-15T23:24:06Z
2026-03-11,VOO_CORE,0.5599999999999999,LIVE_FUSED,LIVE_FUSED,1,1.0,2026-03-11,1,1,1,1,1,NONE,V1,2026-03-15T23:24:06Z
2026-03-13,IEF_CORE,0.4,LIVE_FUSED,LIVE_FUSED,1,1.0,2026-03-13,1,1,1,1,1,NONE,V1,2026-03-15T23:24:06Z
2026-03-13,SMH,0.04,LIVE_FUSED,LIVE_FUSED,1,1.0,2026-03-13,1,1,1,1,1,NONE,V1,2026-03-15T23:24:06Z
2026-03-13,VOO_CORE,0.5599999999999999,LIVE_FUSED,LIVE_FUSED,1,1.0,2026-03-13,1,1,1,1,1,NONE,V1,2026-03-15T23:24:06Z
